Borough,Major Category,Minor Category,200901,200902,200903,200904,200905,200906,200907,200908,200909,200910,200911,200912,Year 2009,Boroughs,No. of Criminal Incidents
Barking and Dagenham,Burglary,Burglary in a Dwelling,180,149,155,112,135,119,149,124,159,180,184,157,1803,Barking and Dagenham,20140
Barking and Dagenham,Burglary,Burglary in Other Buildings,51,67,64,80,69,51,56,49,58,39,51,55,690,Barnet,26108
Barking and Dagenham,Criminal Damage,Criminal Damage To Dwelling,70,74,56,61,65,69,62,59,58,44,56,48,722,Bexley,15778
Barking and Dagenham,Criminal Damage,Criminal Damage To Motor Vehicle,115,107,173,134,151,97,103,80,72,88,92,66,1278,Brent,28847
Barking and Dagenham,Criminal Damage,Criminal Damage To Other Building,22,21,16,24,19,12,9,21,7,15,12,12,190,Bromley,24555
Barking and Dagenham,Criminal Damage,Other Criminal Damage,44,51,73,62,62,50,59,63,67,47,49,30,657,Camden,33967
Barking and Dagenham,Drugs,Drug Trafficking,5,6,6,4,7,6,6,8,8,13,7,9,85,Croydon,33124
Barking and Dagenham,Drugs,Other Drugs,1,0,0,0,0,0,0,0,0,0,0,0,1,Ealing,33210
Barking and Dagenham,Drugs,Possession Of Drugs,80,64,141,65,52,108,68,85,62,114,69,68,976,Enfield,24180
Barking and Dagenham,Fraud or Forgery,Counted per Victim,58,51,63,81,62,69,73,57,60,66,92,60,792,Greenwich,26339
Barking and Dagenham,Fraud or Forgery,Other Fraud & Forgery,28,25,38,45,35,45,43,41,42,50,28,19,439,Hackney,28961
Barking and Dagenham,Other Notifiable Offences,Going Equipped,0,2,2,0,2,2,3,1,1,0,2,0,15,Hammersmith and Fulham,23179
Barking and Dagenham,Other Notifiable Offences,Other Notifiable,25,29,30,21,33,29,46,24,34,33,18,17,339,Haringey,26272
Barking and Dagenham,Robbery,Business Property,13,8,4,5,4,5,1,7,8,10,6,6,77,Harrow,15286
Barking and Dagenham,Robbery,Personal Property,99,57,69,56,57,56,76,65,84,54,40,61,774,Havering,17142
Barking and Dagenham,Sexual Offences,Other Sexual,11,14,16,12,12,18,21,23,12,7,20,12,178,Hillingdon,24924
Barking and Dagenham,Sexual Offences,Rape,7,9,7,5,2,5,10,6,2,5,7,6,71,Hounslow,23504
Barking and Dagenham,Theft and Handling,Handling Stolen Goods,4,2,11,1,3,7,3,2,4,7,2,5,51,Islington,28858
Barking and Dagenham,Theft and Handling,Motor Vehicle Interference & Tampering,9,8,14,7,10,10,10,6,5,5,6,6,96,Kensington and Chelsea,20837
Barking and Dagenham,Theft and Handling,Other Theft,138,121,147,146,123,128,126,137,156,144,130,125,1621,Kingston upon Thames,11130
Barking and Dagenham,Theft and Handling,Other Theft Person,20,30,28,28,35,18,28,31,32,37,38,38,363,Lambeth,35084
Barking and Dagenham,Theft and Handling,Theft From Motor Vehicle,121,140,157,184,149,134,125,128,128,102,130,137,1635,Lewisham,29825
Barking and Dagenham,Theft and Handling,Theft From Shops,72,59,66,88,72,59,53,56,47,50,66,62,750,Merton,14786
Barking and Dagenham,Theft and Handling,Theft/Taking Of Motor Vehicle,86,108,88,87,96,71,67,58,85,86,70,65,967,Newham,33373
Barking and Dagenham,Theft and Handling,Theft/Taking of Pedal Cycle,6,18,28,26,25,23,21,20,20,35,15,16,253,Redbridge,24057
Barking and Dagenham,Violence Against the Person,Assault with Injury,164,148,165,169,181,161,188,198,163,151,146,149,1983,Richmond upon Thames,11695
Barking and Dagenham,Violence Against the Person,Common Assault,104,111,106,107,98,111,130,113,106,102,93,101,1282,Southwark,36766
Barking and Dagenham,Violence Against the Person,Grievous Bodily Harm,20,20,36,31,40,29,30,26,24,19,19,10,304,Sutton,13137
Barking and Dagenham,Violence Against the Person,Harassment,101,112,122,92,94,143,136,127,128,119,100,96,1370,Tower Hamlets,27147
Barking and Dagenham,Violence Against the Person,Murder,0,0,1,1,0,0,0,0,0,0,1,0,3,Waltham Forest,27492
Barking and Dagenham,Violence Against the Person,Offensive Weapon,14,19,19,6,21,11,12,10,9,11,10,3,145,Wandsworth,25660
Barking and Dagenham,Violence Against the Person,Other violence,17,17,25,22,15,27,22,21,15,10,23,16,230,Westminster,63856
Barking and Dagenham,Violence Against the Person,Wounding/GBH,0,0,0,0,0,0,0,0,0,0,0,0,0,,
Barnet,Burglary,Burglary in a Dwelling,255,175,223,200,231,221,223,211,246,322,319,317,2943,,
Barnet,Burglary,Burglary in Other Buildings,108,89,79,97,110,140,128,86,85,81,100,78,1181,,
Barnet,Criminal Damage,Criminal Damage To Dwelling,45,52,62,41,63,59,39,62,48,52,52,37,612,,
Barnet,Criminal Damage,Criminal Damage To Motor Vehicle,115,72,109,100,105,104,102,107,117,89,99,51,1170,,
Barnet,Criminal Damage,Criminal Damage To Other Building,15,22,32,26,28,22,28,19,15,22,19,14,262,,
Barnet,Criminal Damage,Other Criminal Damage,57,37,56,49,62,69,59,49,60,54,51,52,655,,
Barnet,Drugs,Drug Trafficking,9,7,7,8,7,16,10,11,6,15,8,3,107,,
Barnet,Drugs,Other Drugs,0,0,0,0,0,0,0,1,0,0,0,0,1,,
Barnet,Drugs,Possession Of Drugs,86,102,127,87,120,103,119,103,113,166,160,132,1418,,
Barnet,Fraud or Forgery,Counted per Victim,88,53,88,82,74,89,70,74,98,76,70,70,932,,
Barnet,Fraud or Forgery,Other Fraud & Forgery,50,54,44,33,49,42,42,40,42,49,34,42,521,,
Barnet,Other Notifiable Offences,Going Equipped,4,4,0,2,1,1,1,0,3,7,4,0,27,,
Barnet,Other Notifiable Offences,Other Notifiable,30,17,29,27,25,30,23,30,26,17,13,19,286,,
Barnet,Robbery,Business Property,8,14,12,4,9,12,15,12,7,7,8,8,116,,
Barnet,Robbery,Personal Property,78,71,80,81,69,62,73,68,54,61,66,71,834,,
Barnet,Sexual Offences,Other Sexual,25,12,25,23,18,15,17,26,25,17,15,17,235,,
Barnet,Sexual Offences,Rape,4,4,3,4,8,9,9,10,9,7,11,2,80,,
Barnet,Theft and Handling,Handling Stolen Goods,5,7,9,8,9,10,7,3,4,6,9,6,83,,
Barnet,Theft and Handling,Motor Vehicle Interference & Tampering,20,14,15,25,24,24,14,9,8,9,15,15,192,,
Barnet,Theft and Handling,Other Theft,253,198,264,237,230,237,258,238,218,274,240,211,2858,,
Barnet,Theft and Handling,Other Theft Person,63,67,100,83,81,81,75,72,75,88,108,94,987,,
Barnet,Theft and Handling,Theft From Motor Vehicle,320,187,270,228,245,269,300,245,250,200,251,239,3004,,
Barnet,Theft and Handling,Theft From Shops,120,128,127,141,155,123,127,101,123,114,140,122,1521,,
Barnet,Theft and Handling,Theft/Taking Of Motor Vehicle,59,65,61,64,84,78,75,75,67,76,64,63,831,,
Barnet,Theft and Handling,Theft/Taking of Pedal Cycle,7,7,7,13,27,57,38,37,28,22,18,13,274,,
Barnet,Violence Against the Person,Assault with Injury,115,143,143,131,131,141,160,147,114,138,132,94,1589,,
Barnet,Violence Against the Person,Common Assault,149,122,106,130,127,100,132,106,131,137,126,116,1482,,
Barnet,Violence Against the Person,Grievous Bodily Harm,22,30,29,30,19,14,12,10,13,17,17,12,225,,
Barnet,Violence Against the Person,Harassment,121,87,133,123,132,100,119,127,135,119,100,93,1389,,
Barnet,Violence Against the Person,Murder,0,0,0,0,0,0,0,0,0,1,0,0,1,,
Barnet,Violence Against the Person,Offensive Weapon,12,15,7,17,11,4,13,13,11,14,3,6,126,,
Barnet,Violence Against the Person,Other violence,18,10,11,12,14,12,13,9,13,19,15,20,166,,
Barnet,Violence Against the Person,Wounding/GBH,0,0,0,0,0,0,0,0,0,0,0,0,0,,
Bexley,Burglary,Burglary in a Dwelling,116,115,105,117,113,77,99,102,126,119,129,134,1352,,
Bexley,Burglary,Burglary in Other Buildings,63,61,79,67,48,68,45,70,64,40,68,47,720,,
Bexley,Criminal Damage,Criminal Damage To Dwelling,52,42,55,56,58,52,53,49,47,40,39,48,591,,
Bexley,Criminal Damage,Criminal Damage To Motor Vehicle,121,114,157,108,134,94,102,92,98,87,97,84,1288,,
Bexley,Criminal Damage,Criminal Damage To Other Building,17,33,21,28,16,10,18,22,17,12,17,5,216,,
Bexley,Criminal Damage,Other Criminal Damage,52,49,68,66,65,67,53,53,70,60,53,41,697,,
Bexley,Drugs,Drug Trafficking,4,5,4,1,5,5,7,6,5,4,2,4,52,,
Bexley,Drugs,Other Drugs,2,0,0,0,0,0,0,1,0,0,0,2,5,,
Bexley,Drugs,Possession Of Drugs,64,65,110,35,63,85,108,48,34,50,73,65,800,,
Bexley,Fraud or Forgery,Counted per Victim,39,29,46,47,47,28,35,49,39,51,45,59,514,,
Bexley,Fraud or Forgery,Other Fraud & Forgery,7,19,13,9,9,20,18,12,20,13,20,15,175,,
Bexley,Other Notifiable Offences,Going Equipped,0,1,1,0,0,0,0,0,3,2,1,2,10,,
Bexley,Other Notifiable Offences,Other Notifiable,16,15,23,12,11,16,24,14,10,18,10,7,176,,
Bexley,Robbery,Business Property,4,6,3,6,4,2,4,4,7,5,3,4,52,,
Bexley,Robbery,Personal Property,27,24,38,31,23,11,25,18,22,26,18,11,274,,
Bexley,Sexual Offences,Other Sexual,10,7,10,19,11,12,9,13,12,14,14,6,137,,
Bexley,Sexual Offences,Rape,3,1,1,5,5,4,3,2,0,5,5,2,36,,
Bexley,Theft and Handling,Handling Stolen Goods,4,4,6,3,3,0,5,4,2,4,4,0,39,,
Bexley,Theft and Handling,Motor Vehicle Interference & Tampering,20,14,18,19,17,16,18,11,8,16,8,9,174,,
Bexley,Theft and Handling,Other Theft,90,95,99,105,128,125,136,101,117,128,101,96,1321,,
Bexley,Theft and Handling,Other Theft Person,8,10,12,12,9,15,14,9,14,23,14,26,166,,
Bexley,Theft and Handling,Theft From Motor Vehicle,159,89,104,111,137,142,99,106,93,120,149,74,1383,,
Bexley,Theft and Handling,Theft From Shops,69,86,104,59,78,94,68,71,79,57,63,67,895,,
Bexley,Theft and Handling,Theft/Taking Of Motor Vehicle,80,62,49,63,62,78,89,74,64,73,48,62,804,,
Bexley,Theft and Handling,Theft/Taking of Pedal Cycle,7,8,7,10,9,5,16,17,25,11,11,7,133,,
Bexley,Violence Against the Person,Assault with Injury,117,110,113,118,143,114,111,111,92,112,98,89,1328,,
Bexley,Violence Against the Person,Common Assault,73,64,70,82,74,68,88,71,71,88,71,66,886,,
Bexley,Violence Against the Person,Grievous Bodily Harm,8,6,21,13,22,15,15,13,12,12,10,14,161,,
Bexley,Violence Against the Person,Harassment,60,82,80,91,86,92,105,98,108,114,93,104,1113,,
Bexley,Violence Against the Person,Murder,0,0,0,0,0,0,0,0,1,1,0,0,2,,
Bexley,Violence Against the Person,Offensive Weapon,6,8,9,10,10,8,15,9,12,8,5,4,104,,
Bexley,Violence Against the Person,Other violence,12,16,14,16,18,20,16,10,12,10,19,11,174,,
Bexley,Violence Against the Person,Wounding/GBH,0,0,0,0,0,0,0,0,0,0,0,0,0,,
Brent,Burglary,Burglary in a Dwelling,282,237,207,177,213,203,216,177,194,271,316,269,2762,,
Brent,Burglary,Burglary in Other Buildings,64,63,70,57,86,126,83,71,66,91,80,71,928,,
Brent,Criminal Damage,Criminal Damage To Dwelling,56,58,68,54,75,68,59,61,53,56,52,45,705,,
Brent,Criminal Damage,Criminal Damage To Motor Vehicle,83,74,83,118,149,109,78,104,83,103,92,79,1155,,
Brent,Criminal Damage,Criminal Damage To Other Building,19,14,34,22,30,15,29,21,26,23,18,19,270,,
Brent,Criminal Damage,Other Criminal Damage,49,52,77,47,71,54,59,62,66,55,55,49,696,,
Brent,Drugs,Drug Trafficking,7,17,9,79,13,15,10,7,5,33,89,4,288,,
Brent,Drugs,Other Drugs,4,0,1,0,0,2,1,3,2,0,2,2,17,,
Brent,Drugs,Possession Of Drugs,202,244,259,179,158,228,246,177,195,222,303,241,2654,,
Brent,Fraud or Forgery,Counted per Victim,97,67,101,83,80,102,106,65,72,95,72,89,1029,,
Brent,Fraud or Forgery,Other Fraud & Forgery,28,27,42,45,41,31,31,43,27,36,31,31,413,,
Brent,Other Notifiable Offences,Going Equipped,1,2,4,0,0,1,5,0,1,2,0,2,18,,
Brent,Other Notifiable Offences,Other Notifiable,26,19,37,26,28,23,25,24,21,27,30,35,321,,
Brent,Robbery,Business Property,7,5,10,8,18,25,18,13,11,12,11,8,146,,
Brent,Robbery,Personal Property,142,123,167,125,156,155,130,129,118,159,157,127,1688,,
Brent,Sexual Offences,Other Sexual,14,19,15,20,16,20,18,17,19,11,20,12,201,,
Brent,Sexual Offences,Rape,7,13,8,9,6,10,10,8,12,11,11,7,112,,
Brent,Theft and Handling,Handling Stolen Goods,2,4,7,1,3,2,8,3,3,5,6,3,47,,
Brent,Theft and Handling,Motor Vehicle Interference & Tampering,8,0,4,0,1,9,22,13,7,9,10,4,87,,
Brent,Theft and Handling,Other Theft,215,170,234,194,204,221,223,207,200,240,211,210,2529,,
Brent,Theft and Handling,Other Theft Person,83,91,94,118,100,118,156,82,122,106,178,76,1324,,
Brent,Theft and Handling,Theft From Motor Vehicle,252,169,180,175,175,177,235,195,173,217,191,199,2338,,
Brent,Theft and Handling,Theft From Shops,66,74,88,88,94,70,69,76,56,72,64,94,911,,
Brent,Theft and Handling,Theft/Taking Of Motor Vehicle,57,44,58,54,69,71,78,54,69,88,54,71,767,,
Brent,Theft and Handling,Theft/Taking of Pedal Cycle,10,12,29,27,50,41,56,39,48,46,36,19,413,,
Brent,Violence Against the Person,Assault with Injury,194,154,207,212,231,245,212,225,173,203,209,180,2445,,
Brent,Violence Against the Person,Common Assault,125,130,139,136,167,175,181,141,144,142,141,145,1766,,
Brent,Violence Against the Person,Grievous Bodily Harm,33,47,61,53,62,44,57,32,30,42,34,27,522,,
Brent,Violence Against the Person,Harassment,145,129,171,139,139,153,180,167,176,170,162,145,1876,,
Brent,Violence Against the Person,Murder,1,1,0,0,1,0,1,0,0,0,1,0,5,,
Brent,Violence Against the Person,Offensive Weapon,12,21,21,9,7,8,12,19,8,10,10,9,146,,
Brent,Violence Against the Person,Other violence,13,16,28,32,18,26,23,19,32,20,25,16,268,,
Brent,Violence Against the Person,Wounding/GBH,0,0,0,0,0,0,0,0,0,0,0,0,0,,
Bromley,Burglary,Burglary in a Dwelling,229,169,146,130,186,194,229,182,171,171,191,204,2202,,
Bromley,Burglary,Burglary in Other Buildings,155,104,188,143,180,130,163,114,85,110,98,89,1559,,
Bromley,Criminal Damage,Criminal Damage To Dwelling,74,69,83,78,89,73,90,49,70,68,46,58,847,,
Bromley,Criminal Damage,Criminal Damage To Motor Vehicle,170,140,146,171,171,125,141,115,93,118,126,114,1630,,
Bromley,Criminal Damage,Criminal Damage To Other Building,37,33,36,39,48,29,40,23,36,22,25,23,391,,
Bromley,Criminal Damage,Other Criminal Damage,48,44,73,56,72,65,62,66,69,49,50,49,703,,
Bromley,Drugs,Drug Trafficking,5,8,6,5,9,5,11,8,5,7,2,7,78,,
Bromley,Drugs,Other Drugs,0,0,0,0,0,1,1,0,0,1,0,0,3,,
Bromley,Drugs,Possession Of Drugs,89,89,97,66,88,78,140,84,81,100,89,117,1118,,
Bromley,Fraud or Forgery,Counted per Victim,71,49,40,80,115,107,136,112,115,78,90,75,1068,,
Bromley,Fraud or Forgery,Other Fraud & Forgery,16,14,27,23,19,18,33,23,26,21,10,25,255,,
Bromley,Other Notifiable Offences,Going Equipped,4,3,1,1,4,2,0,4,1,3,0,0,23,,
Bromley,Other Notifiable Offences,Other Notifiable,26,15,23,24,12,18,32,16,26,22,34,22,270,,
Bromley,Robbery,Business Property,9,5,7,7,5,6,4,9,11,6,8,2,79,,
Bromley,Robbery,Personal Property,34,36,59,48,45,43,60,54,22,45,42,31,519,,
Bromley,Sexual Offences,Other Sexual,17,16,18,11,28,17,17,18,28,12,17,20,219,,
Bromley,Sexual Offences,Rape,4,4,5,3,7,6,9,6,6,5,3,3,61,,
Bromley,Theft and Handling,Handling Stolen Goods,8,7,4,2,7,5,10,3,4,6,12,3,71,,
Bromley,Theft and Handling,Motor Vehicle Interference & Tampering,32,29,26,34,55,25,28,18,5,16,19,11,298,,
Bromley,Theft and Handling,Other Theft,191,176,192,185,215,188,183,191,204,222,155,143,2245,,
Bromley,Theft and Handling,Other Theft Person,27,29,32,35,25,29,39,28,21,33,29,59,386,,
Bromley,Theft and Handling,Theft From Motor Vehicle,316,229,186,200,272,205,174,143,132,181,193,160,2391,,
Bromley,Theft and Handling,Theft From Shops,154,119,162,115,150,123,123,109,135,108,105,90,1493,,
Bromley,Theft and Handling,Theft/Taking Of Motor Vehicle,101,74,84,79,104,72,74,58,70,57,46,42,861,,
Bromley,Theft and Handling,Theft/Taking of Pedal Cycle,17,12,19,30,28,43,26,21,20,21,14,12,263,,
Bromley,Violence Against the Person,Assault with Injury,146,170,156,136,175,177,160,174,172,153,160,153,1932,,
Bromley,Violence Against the Person,Common Assault,111,82,113,89,101,110,101,98,93,123,113,120,1254,,
Bromley,Violence Against the Person,Grievous Bodily Harm,15,18,37,26,20,31,47,16,19,21,22,18,290,,
Bromley,Violence Against the Person,Harassment,148,158,153,118,155,180,170,132,154,141,133,128,1770,,
Bromley,Violence Against the Person,Murder,0,0,1,0,0,0,1,0,0,1,1,0,4,,
Bromley,Violence Against the Person,Offensive Weapon,6,12,9,9,16,11,18,12,6,11,15,11,136,,
Bromley,Violence Against the Person,Other violence,15,17,9,7,7,6,10,12,10,14,20,9,136,,
Bromley,Violence Against the Person,Wounding/GBH,0,0,0,0,0,0,0,0,0,0,0,0,0,,
Camden,Burglary,Burglary in a Dwelling,165,133,131,117,178,163,161,168,151,112,143,142,1764,,
Camden,Burglary,Burglary in Other Buildings,153,106,131,141,139,137,172,134,113,116,90,134,1566,,
Camden,Criminal Damage,Criminal Damage To Dwelling,63,50,81,81,54,67,55,60,59,49,47,48,714,,
Camden,Criminal Damage,Criminal Damage To Motor Vehicle,70,69,68,107,86,141,96,75,83,64,62,47,968,,
Camden,Criminal Damage,Criminal Damage To Other Building,30,32,34,47,29,29,43,35,24,20,21,20,364,,
Camden,Criminal Damage,Other Criminal Damage,40,33,54,56,52,41,56,47,51,45,42,52,569,,
Camden,Drugs,Drug Trafficking,28,40,23,20,7,37,35,15,10,17,23,19,274,,
Camden,Drugs,Other Drugs,3,2,3,0,4,3,1,2,0,1,2,0,21,,
Camden,Drugs,Possession Of Drugs,306,321,414,174,244,242,366,259,225,280,260,167,3258,,
Camden,Fraud or Forgery,Counted per Victim,42,28,58,30,32,39,50,34,53,36,51,44,497,,
Camden,Fraud or Forgery,Other Fraud & Forgery,32,18,41,30,29,27,27,31,30,35,37,33,370,,
Camden,Other Notifiable Offences,Going Equipped,2,4,4,3,6,0,6,2,0,0,3,4,34,,
Camden,Other Notifiable Offences,Other Notifiable,34,33,40,44,28,39,33,31,37,35,32,14,400,,
Camden,Robbery,Business Property,11,7,10,8,7,3,5,9,6,6,8,12,92,,
Camden,Robbery,Personal Property,74,59,67,78,99,81,72,78,71,108,87,88,962,,
Camden,Sexual Offences,Other Sexual,8,14,10,35,17,15,17,24,19,20,18,23,220,,
Camden,Sexual Offences,Rape,3,3,5,3,5,6,3,2,3,9,5,6,53,,
Camden,Theft and Handling,Handling Stolen Goods,13,9,12,14,9,8,6,9,11,4,7,12,114,,
Camden,Theft and Handling,Motor Vehicle Interference & Tampering,5,4,10,24,4,11,22,29,15,18,25,16,183,,
Camden,Theft and Handling,Other Theft,644,644,714,559,565,553,657,473,523,706,745,642,7425,,
Camden,Theft and Handling,Other Theft Person,120,115,209,159,149,161,161,152,169,310,266,214,2185,,
Camden,Theft and Handling,Theft From Motor Vehicle,200,186,212,178,223,203,185,177,191,185,183,189,2312,,
Camden,Theft and Handling,Theft From Shops,97,88,110,104,115,112,120,90,90,108,117,118,1269,,
Camden,Theft and Handling,Theft/Taking Of Motor Vehicle,67,47,75,88,68,64,84,76,43,62,60,37,771,,
Camden,Theft and Handling,Theft/Taking of Pedal Cycle,77,90,106,120,214,224,200,177,160,268,166,67,1869,,
Camden,Violence Against the Person,Assault with Injury,121,125,147,136,177,161,161,163,135,151,153,125,1755,,
Camden,Violence Against the Person,Common Assault,99,97,108,98,106,106,130,87,137,103,117,107,1295,,
Camden,Violence Against the Person,Grievous Bodily Harm,29,24,35,24,24,17,33,17,19,29,21,21,293,,
Camden,Violence Against the Person,Harassment,170,127,165,201,154,210,174,169,173,172,178,141,2034,,
Camden,Violence Against the Person,Murder,0,0,1,0,0,0,0,0,0,0,1,0,2,,
Camden,Violence Against the Person,Offensive Weapon,10,8,10,10,15,7,7,14,13,15,9,7,125,,
Camden,Violence Against the Person,Other violence,19,15,15,15,23,13,11,27,18,18,13,22,209,,
Camden,Violence Against the Person,Wounding/GBH,0,0,0,0,0,0,0,0,0,0,0,0,0,,
Croydon,Burglary,Burglary in a Dwelling,273,246,296,248,230,236,239,192,207,218,229,221,2835,,
Croydon,Burglary,Burglary in Other Buildings,129,133,123,131,120,137,134,96,138,114,118,59,1432,,
Croydon,Criminal Damage,Criminal Damage To Dwelling,80,78,106,117,96,110,95,96,97,84,97,92,1148,,
Croydon,Criminal Damage,Criminal Damage To Motor Vehicle,187,151,173,168,170,180,173,168,128,143,174,152,1967,,
Croydon,Criminal Damage,Criminal Damage To Other Building,28,41,37,25,31,35,43,40,33,28,30,44,415,,
Croydon,Criminal Damage,Other Criminal Damage,45,46,77,62,63,70,73,70,77,65,84,66,798,,
Croydon,Drugs,Drug Trafficking,11,10,15,9,11,19,3,11,12,12,9,8,130,,
Croydon,Drugs,Other Drugs,0,0,2,2,0,1,0,1,1,1,1,0,9,,
Croydon,Drugs,Possession Of Drugs,213,235,249,186,190,199,194,196,192,206,262,205,2527,,
Croydon,Fraud or Forgery,Counted per Victim,111,118,93,106,139,134,128,152,157,104,108,89,1439,,
Croydon,Fraud or Forgery,Other Fraud & Forgery,17,24,38,29,32,32,47,22,38,45,35,20,379,,
Croydon,Other Notifiable Offences,Going Equipped,3,0,1,0,1,0,0,0,2,1,3,0,11,,
Croydon,Other Notifiable Offences,Other Notifiable,33,36,31,37,45,40,28,26,31,37,53,28,425,,
Croydon,Robbery,Business Property,18,26,15,17,21,12,16,14,16,12,23,24,214,,
Croydon,Robbery,Personal Property,108,124,108,137,111,103,117,118,120,122,123,98,1389,,
Croydon,Sexual Offences,Other Sexual,22,22,27,18,19,27,24,30,17,15,28,19,268,,
Croydon,Sexual Offences,Rape,11,17,7,10,14,18,14,19,15,15,15,13,168,,
Croydon,Theft and Handling,Handling Stolen Goods,5,3,8,9,8,4,1,5,6,3,9,4,65,,
Croydon,Theft and Handling,Motor Vehicle Interference & Tampering,16,8,27,40,15,10,24,11,14,12,12,23,212,,
Croydon,Theft and Handling,Other Theft,242,224,244,245,254,274,295,294,290,270,246,254,3132,,
Croydon,Theft and Handling,Other Theft Person,48,44,53,56,57,60,84,75,77,55,55,63,727,,
Croydon,Theft and Handling,Theft From Motor Vehicle,266,219,252,281,269,281,245,199,215,247,315,262,3051,,
Croydon,Theft and Handling,Theft From Shops,124,130,163,134,141,108,142,110,124,139,144,172,1631,,
Croydon,Theft and Handling,Theft/Taking Of Motor Vehicle,117,98,107,140,113,107,77,97,81,96,96,94,1223,,
Croydon,Theft and Handling,Theft/Taking of Pedal Cycle,11,18,24,48,31,53,54,47,27,55,28,20,416,,
Croydon,Violence Against the Person,Assault with Injury,228,191,268,218,279,232,222,266,221,208,206,242,2781,,
Croydon,Violence Against the Person,Common Assault,123,139,136,139,164,163,174,167,146,159,167,171,1848,,
Croydon,Violence Against the Person,Grievous Bodily Harm,26,29,27,32,34,20,21,31,25,23,28,22,318,,
Croydon,Violence Against the Person,Harassment,118,102,124,131,133,150,133,140,147,137,143,114,1572,,
Croydon,Violence Against the Person,Murder,1,0,0,0,1,0,1,0,2,1,0,0,6,,
Croydon,Violence Against the Person,Offensive Weapon,12,22,27,26,11,21,21,26,11,24,22,12,235,,
Croydon,Violence Against the Person,Other violence,28,30,28,27,35,43,25,28,26,32,35,16,353,,
Croydon,Violence Against the Person,Wounding/GBH,0,0,0,0,0,0,0,0,0,0,0,0,0,,
Ealing,Burglary,Burglary in a Dwelling,327,267,287,160,237,242,191,204,185,268,278,272,2918,,
Ealing,Burglary,Burglary in Other Buildings,87,86,116,104,98,85,83,88,61,63,78,86,1035,,
Ealing,Criminal Damage,Criminal Damage To Dwelling,63,59,88,90,81,81,73,65,52,84,63,56,855,,
Ealing,Criminal Damage,Criminal Damage To Motor Vehicle,118,145,132,138,158,138,150,147,158,153,128,105,1670,,
Ealing,Criminal Damage,Criminal Damage To Other Building,18,19,24,34,24,30,24,27,35,21,20,28,304,,
Ealing,Criminal Damage,Other Criminal Damage,52,49,86,67,73,67,56,53,67,60,52,50,732,,
Ealing,Drugs,Drug Trafficking,7,14,35,30,16,16,12,23,24,23,11,11,222,,
Ealing,Drugs,Other Drugs,0,1,2,0,2,1,1,1,2,1,1,0,12,,
Ealing,Drugs,Possession Of Drugs,162,171,258,187,177,228,246,213,222,207,138,129,2338,,
Ealing,Fraud or Forgery,Counted per Victim,148,144,176,147,137,207,162,131,137,174,153,160,1876,,
Ealing,Fraud or Forgery,Other Fraud & Forgery,68,45,46,51,39,41,47,48,53,42,62,39,581,,
Ealing,Other Notifiable Offences,Going Equipped,2,0,0,3,1,0,0,1,0,1,1,0,9,,
Ealing,Other Notifiable Offences,Other Notifiable,31,26,32,31,31,40,35,40,33,43,36,32,410,,
Ealing,Robbery,Business Property,5,14,8,3,11,8,8,11,8,7,7,7,97,,
Ealing,Robbery,Personal Property,99,98,87,97,124,114,87,104,87,114,88,101,1200,,
Ealing,Sexual Offences,Other Sexual,24,30,18,18,12,31,25,16,24,24,25,20,267,,
Ealing,Sexual Offences,Rape,8,2,6,0,2,6,17,9,5,6,6,7,74,,
Ealing,Theft and Handling,Handling Stolen Goods,8,2,4,0,4,4,3,7,9,3,7,5,56,,
Ealing,Theft and Handling,Motor Vehicle Interference & Tampering,11,7,12,10,9,5,8,15,11,11,10,10,119,,
Ealing,Theft and Handling,Other Theft,238,201,235,200,250,245,233,222,246,239,225,176,2710,,
Ealing,Theft and Handling,Other Theft Person,82,79,72,79,86,78,96,80,92,84,95,68,991,,
Ealing,Theft and Handling,Theft From Motor Vehicle,301,310,316,357,375,323,367,391,385,294,295,276,3990,,
Ealing,Theft and Handling,Theft From Shops,130,121,114,116,108,84,136,99,101,114,100,105,1328,,
Ealing,Theft and Handling,Theft/Taking Of Motor Vehicle,81,84,93,86,70,70,66,86,102,90,79,74,981,,
Ealing,Theft and Handling,Theft/Taking of Pedal Cycle,30,36,24,45,60,91,82,73,81,74,46,29,671,,
Ealing,Violence Against the Person,Assault with Injury,169,177,197,189,172,181,185,194,163,151,185,193,2156,,
Ealing,Violence Against the Person,Common Assault,143,148,161,139,179,157,134,161,137,192,158,162,1871,,
Ealing,Violence Against the Person,Grievous Bodily Harm,40,42,28,34,44,48,54,44,53,45,39,33,504,,
Ealing,Violence Against the Person,Harassment,164,167,234,198,199,227,268,246,241,230,224,224,2622,,
Ealing,Violence Against the Person,Murder,0,0,1,0,0,0,0,0,0,0,1,1,3,,
Ealing,Violence Against the Person,Offensive Weapon,19,13,28,11,12,10,13,16,15,12,15,10,174,,
Ealing,Violence Against the Person,Other violence,37,36,29,45,40,39,21,39,42,39,43,24,434,,
Ealing,Violence Against the Person,Wounding/GBH,0,0,0,0,0,0,0,0,0,0,0,0,0,,
Enfield,Burglary,Burglary in a Dwelling,317,243,255,189,225,286,244,209,219,257,223,257,2924,,
Enfield,Burglary,Burglary in Other Buildings,79,71,90,121,94,83,75,118,94,87,95,70,1077,,
Enfield,Criminal Damage,Criminal Damage To Dwelling,67,69,59,84,91,69,89,78,63,75,71,72,887,,
Enfield,Criminal Damage,Criminal Damage To Motor Vehicle,128,131,147,156,145,175,135,140,100,122,114,100,1593,,
Enfield,Criminal Damage,Criminal Damage To Other Building,36,30,32,23,17,38,19,21,22,33,20,17,308,,
Enfield,Criminal Damage,Other Criminal Damage,50,58,69,64,48,59,55,54,58,38,70,47,670,,
Enfield,Drugs,Drug Trafficking,10,8,9,10,1,11,6,12,12,19,13,4,115,,
Enfield,Drugs,Other Drugs,1,0,4,2,0,1,1,0,2,0,0,0,11,,
Enfield,Drugs,Possession Of Drugs,117,170,149,128,97,135,105,110,193,184,143,102,1633,,
Enfield,Fraud or Forgery,Counted per Victim,35,28,36,41,39,59,50,39,42,52,46,31,498,,
Enfield,Fraud or Forgery,Other Fraud & Forgery,51,40,38,54,38,47,39,50,51,56,42,51,557,,
Enfield,Other Notifiable Offences,Going Equipped,3,0,1,0,3,0,1,3,0,1,3,2,17,,
Enfield,Other Notifiable Offences,Other Notifiable,18,23,24,25,17,31,23,26,19,27,21,32,286,,
Enfield,Robbery,Business Property,15,17,15,12,9,12,6,15,9,6,14,7,137,,
Enfield,Robbery,Personal Property,97,81,67,102,113,88,87,83,82,131,61,105,1097,,
Enfield,Sexual Offences,Other Sexual,11,12,25,17,24,28,22,12,19,15,14,18,217,,
Enfield,Sexual Offences,Rape,5,8,5,8,8,11,9,7,9,8,11,4,93,,
Enfield,Theft and Handling,Handling Stolen Goods,11,10,16,6,3,6,12,6,6,1,9,8,94,,
Enfield,Theft and Handling,Motor Vehicle Interference & Tampering,12,9,12,8,7,6,4,8,3,3,11,5,88,,
Enfield,Theft and Handling,Other Theft,149,135,183,185,136,198,167,179,172,146,180,148,1978,,
Enfield,Theft and Handling,Other Theft Person,42,39,38,48,41,38,59,47,47,54,52,39,544,,
Enfield,Theft and Handling,Theft From Motor Vehicle,220,245,248,222,218,300,219,167,175,182,210,199,2605,,
Enfield,Theft and Handling,Theft From Shops,101,74,89,91,81,63,65,65,71,80,78,68,926,,
Enfield,Theft and Handling,Theft/Taking Of Motor Vehicle,73,87,94,83,109,80,92,95,95,84,80,89,1061,,
Enfield,Theft and Handling,Theft/Taking of Pedal Cycle,10,9,17,14,21,46,29,39,47,20,12,9,273,,
Enfield,Violence Against the Person,Assault with Injury,123,130,148,132,144,156,130,148,148,156,142,118,1675,,
Enfield,Violence Against the Person,Common Assault,112,87,100,104,112,104,107,100,98,101,128,114,1267,,
Enfield,Violence Against the Person,Grievous Bodily Harm,34,10,23,29,22,27,38,39,19,20,29,18,308,,
Enfield,Violence Against the Person,Harassment,55,59,83,56,65,68,81,64,73,77,73,63,817,,
Enfield,Violence Against the Person,Murder,1,0,0,0,0,0,1,0,0,0,0,1,3,,
Enfield,Violence Against the Person,Offensive Weapon,13,12,18,13,10,14,26,10,12,29,21,14,192,,
Enfield,Violence Against the Person,Other violence,20,12,15,21,18,19,15,34,16,12,25,22,229,,
Enfield,Violence Against the Person,Wounding/GBH,0,0,0,0,0,0,0,0,0,0,0,0,0,,
Greenwich,Burglary,Burglary in a Dwelling,228,196,195,197,204,163,147,110,127,115,168,149,1999,,
Greenwich,Burglary,Burglary in Other Buildings,133,129,115,105,93,89,75,97,91,72,83,86,1168,,
Greenwich,Criminal Damage,Criminal Damage To Dwelling,99,121,117,115,122,116,121,116,117,105,118,93,1360,,
Greenwich,Criminal Damage,Criminal Damage To Motor Vehicle,118,95,140,138,125,117,140,113,113,91,125,86,1401,,
Greenwich,Criminal Damage,Criminal Damage To Other Building,23,22,21,33,26,24,31,27,21,25,24,18,295,,
Greenwich,Criminal Damage,Other Criminal Damage,63,54,49,59,73,75,62,58,52,59,65,61,730,,
Greenwich,Drugs,Drug Trafficking,11,38,7,16,8,10,12,6,10,10,7,8,143,,
Greenwich,Drugs,Other Drugs,0,1,1,2,0,0,0,1,0,1,1,1,8,,
Greenwich,Drugs,Possession Of Drugs,105,125,111,128,149,171,103,88,92,103,137,72,1384,,
Greenwich,Fraud or Forgery,Counted per Victim,81,53,59,62,68,58,63,64,49,57,25,61,700,,
Greenwich,Fraud or Forgery,Other Fraud & Forgery,51,29,46,48,32,34,37,28,53,40,37,31,466,,
Greenwich,Other Notifiable Offences,Going Equipped,0,1,0,0,2,0,0,3,3,2,1,3,15,,
Greenwich,Other Notifiable Offences,Other Notifiable,35,30,30,76,33,60,39,44,43,29,39,25,483,,
Greenwich,Robbery,Business Property,5,5,6,9,5,2,3,4,4,3,7,9,62,,
Greenwich,Robbery,Personal Property,91,87,61,59,87,57,62,56,50,60,71,60,801,,
Greenwich,Sexual Offences,Other Sexual,15,13,19,26,25,30,30,18,42,19,27,22,286,,
Greenwich,Sexual Offences,Rape,6,4,6,9,7,6,9,10,5,9,6,3,80,,
Greenwich,Theft and Handling,Handling Stolen Goods,12,9,10,3,3,5,6,7,9,2,8,4,78,,
Greenwich,Theft and Handling,Motor Vehicle Interference & Tampering,28,31,26,26,19,23,29,20,9,17,12,13,253,,
Greenwich,Theft and Handling,Other Theft,198,186,214,202,239,216,216,220,222,250,172,177,2512,,
Greenwich,Theft and Handling,Other Theft Person,55,46,60,42,50,60,56,41,47,81,56,64,658,,
Greenwich,Theft and Handling,Theft From Motor Vehicle,332,183,236,217,225,209,238,193,192,166,196,160,2547,,
Greenwich,Theft and Handling,Theft From Shops,118,110,144,121,116,109,105,84,117,117,99,101,1341,,
Greenwich,Theft and Handling,Theft/Taking Of Motor Vehicle,78,79,85,92,98,88,86,70,66,74,66,44,926,,
Greenwich,Theft and Handling,Theft/Taking of Pedal Cycle,15,26,36,28,36,60,40,43,39,31,34,30,418,,
Greenwich,Violence Against the Person,Assault with Injury,211,185,209,201,214,213,200,234,196,172,184,166,2385,,
Greenwich,Violence Against the Person,Common Assault,86,119,100,112,148,134,134,131,103,100,125,112,1404,,
Greenwich,Violence Against the Person,Grievous Bodily Harm,33,38,40,53,50,51,23,32,23,27,31,17,418,,
Greenwich,Violence Against the Person,Harassment,131,112,190,96,129,124,126,101,110,126,129,119,1493,,
Greenwich,Violence Against the Person,Murder,0,0,3,0,1,0,1,0,1,0,0,1,7,,
Greenwich,Violence Against the Person,Offensive Weapon,6,14,21,8,15,17,14,6,11,10,11,10,143,,
Greenwich,Violence Against the Person,Other violence,23,37,32,27,35,43,34,24,24,28,32,36,375,,
Greenwich,Violence Against the Person,Wounding/GBH,0,0,0,0,0,0,0,0,0,0,0,0,0,,
Hackney,Burglary,Burglary in a Dwelling,168,107,174,158,164,133,124,120,111,93,151,116,1619,,
Hackney,Burglary,Burglary in Other Buildings,84,97,122,100,103,109,104,85,92,62,106,63,1127,,
Hackney,Criminal Damage,Criminal Damage To Dwelling,46,43,59,59,64,66,60,85,47,45,69,53,696,,
Hackney,Criminal Damage,Criminal Damage To Motor Vehicle,64,66,54,75,95,84,82,82,77,85,79,60,903,,
Hackney,Criminal Damage,Criminal Damage To Other Building,18,23,13,17,29,28,20,22,15,14,23,15,237,,
Hackney,Criminal Damage,Other Criminal Damage,43,44,41,54,54,45,46,32,43,47,44,34,527,,
Hackney,Drugs,Drug Trafficking,10,23,16,7,13,118,19,19,15,14,10,9,273,,
Hackney,Drugs,Other Drugs,4,3,1,3,1,3,4,2,3,2,3,5,34,,
Hackney,Drugs,Possession Of Drugs,432,313,414,229,329,320,274,293,243,288,276,192,3603,,
Hackney,Fraud or Forgery,Counted per Victim,35,34,38,38,41,56,51,40,41,49,43,43,509,,
Hackney,Fraud or Forgery,Other Fraud & Forgery,34,28,40,33,32,35,40,31,35,37,38,18,401,,
Hackney,Other Notifiable Offences,Going Equipped,2,1,5,2,4,3,3,8,2,1,3,1,35,,
Hackney,Other Notifiable Offences,Other Notifiable,26,25,46,37,36,33,32,40,34,25,31,21,386,,
Hackney,Robbery,Business Property,8,16,13,12,10,8,6,8,3,15,9,11,119,,
Hackney,Robbery,Personal Property,79,69,69,77,103,78,77,64,66,72,61,65,880,,
Hackney,Sexual Offences,Other Sexual,11,44,20,23,31,44,21,25,17,29,18,38,321,,
Hackney,Sexual Offences,Rape,7,4,10,12,13,6,7,11,10,9,17,14,120,,
Hackney,Theft and Handling,Handling Stolen Goods,9,11,12,9,3,7,9,8,6,2,4,8,88,,
Hackney,Theft and Handling,Motor Vehicle Interference & Tampering,24,11,24,16,30,32,23,33,31,25,31,23,303,,
Hackney,Theft and Handling,Other Theft,296,289,286,297,291,274,320,329,250,312,303,261,3508,,
Hackney,Theft and Handling,Other Theft Person,102,128,170,144,159,128,135,110,130,125,145,109,1585,,
Hackney,Theft and Handling,Theft From Motor Vehicle,134,133,165,161,161,198,182,157,183,183,217,226,2100,,
Hackney,Theft and Handling,Theft From Shops,53,57,64,58,67,64,60,44,38,62,55,60,682,,
Hackney,Theft and Handling,Theft/Taking Of Motor Vehicle,61,65,87,61,78,63,77,81,66,69,57,53,818,,
Hackney,Theft and Handling,Theft/Taking of Pedal Cycle,77,70,129,151,168,214,155,136,153,166,98,68,1585,,
Hackney,Violence Against the Person,Assault with Injury,155,163,181,208,196,193,200,166,200,190,188,146,2186,,
Hackney,Violence Against the Person,Common Assault,104,96,131,109,126,149,134,105,120,124,124,128,1450,,
Hackney,Violence Against the Person,Grievous Bodily Harm,44,33,30,42,45,32,48,30,40,36,22,31,433,,
Hackney,Violence Against the Person,Harassment,117,115,149,136,141,175,162,151,126,154,144,136,1706,,
Hackney,Violence Against the Person,Murder,2,0,0,1,1,1,0,0,1,1,1,0,8,,
Hackney,Violence Against the Person,Offensive Weapon,22,31,26,18,23,24,22,18,16,14,16,10,240,,
Hackney,Violence Against the Person,Other violence,57,19,47,29,44,37,41,48,34,59,38,26,479,,
Hackney,Violence Against the Person,Wounding/GBH,0,0,0,0,0,0,0,0,0,0,0,0,0,,
Hammersmith and Fulham,Burglary,Burglary in a Dwelling,184,98,146,121,107,106,95,112,95,104,109,142,1419,,
Hammersmith and Fulham,Burglary,Burglary in Other Buildings,39,32,56,44,52,58,46,49,50,47,51,30,554,,
Hammersmith and Fulham,Criminal Damage,Criminal Damage To Dwelling,54,59,62,55,59,47,50,44,52,53,37,44,616,,
Hammersmith and Fulham,Criminal Damage,Criminal Damage To Motor Vehicle,51,47,71,61,77,75,81,47,55,89,57,42,753,,
Hammersmith and Fulham,Criminal Damage,Criminal Damage To Other Building,30,16,29,25,23,12,19,16,30,21,7,18,246,,
Hammersmith and Fulham,Criminal Damage,Other Criminal Damage,42,22,32,30,26,35,39,24,40,28,30,30,378,,
Hammersmith and Fulham,Drugs,Drug Trafficking,15,12,19,7,5,10,12,10,12,9,8,11,130,,
Hammersmith and Fulham,Drugs,Other Drugs,2,1,2,0,0,1,2,3,0,3,1,1,16,,
Hammersmith and Fulham,Drugs,Possession Of Drugs,166,128,217,173,171,136,175,137,108,186,152,109,1858,,
Hammersmith and Fulham,Fraud or Forgery,Counted per Victim,42,32,41,39,35,56,37,39,47,49,25,45,487,,
Hammersmith and Fulham,Fraud or Forgery,Other Fraud & Forgery,29,21,36,23,30,24,22,14,21,40,27,27,314,,
Hammersmith and Fulham,Other Notifiable Offences,Going Equipped,4,2,3,7,6,2,3,4,6,5,2,1,45,,
Hammersmith and Fulham,Other Notifiable Offences,Other Notifiable,13,17,23,22,34,29,26,30,25,18,13,25,275,,
Hammersmith and Fulham,Robbery,Business Property,4,0,4,7,10,4,1,3,4,5,1,2,45,,
Hammersmith and Fulham,Robbery,Personal Property,65,47,50,61,47,47,51,36,65,78,37,67,651,,
Hammersmith and Fulham,Sexual Offences,Other Sexual,11,9,23,19,6,12,15,7,6,26,13,11,158,,
Hammersmith and Fulham,Sexual Offences,Rape,3,4,5,4,4,8,4,7,5,7,3,6,60,,
Hammersmith and Fulham,Theft and Handling,Handling Stolen Goods,7,11,8,12,7,8,5,4,10,9,12,7,100,,
Hammersmith and Fulham,Theft and Handling,Motor Vehicle Interference & Tampering,3,1,7,9,9,9,13,11,8,9,15,15,109,,
Hammersmith and Fulham,Theft and Handling,Other Theft,283,254,278,260,245,309,263,262,249,239,272,250,3164,,
Hammersmith and Fulham,Theft and Handling,Other Theft Person,78,84,92,125,86,66,86,70,71,94,95,73,1020,,
Hammersmith and Fulham,Theft and Handling,Theft From Motor Vehicle,214,175,137,161,153,206,205,206,206,267,215,188,2333,,
Hammersmith and Fulham,Theft and Handling,Theft From Shops,138,127,136,135,148,147,169,164,109,115,155,143,1686,,
Hammersmith and Fulham,Theft and Handling,Theft/Taking Of Motor Vehicle,39,45,52,77,68,45,60,59,70,60,43,26,644,,
Hammersmith and Fulham,Theft and Handling,Theft/Taking of Pedal Cycle,86,62,78,105,101,152,152,118,154,130,103,62,1303,,
Hammersmith and Fulham,Violence Against the Person,Assault with Injury,120,136,133,135,161,148,145,105,120,104,121,101,1529,,
Hammersmith and Fulham,Violence Against the Person,Common Assault,79,68,82,87,85,90,84,88,77,107,88,85,1020,,
Hammersmith and Fulham,Violence Against the Person,Grievous Bodily Harm,19,17,18,29,33,20,23,22,12,14,11,16,234,,
Hammersmith and Fulham,Violence Against the Person,Harassment,153,126,188,136,142,118,123,127,135,147,131,116,1642,,
Hammersmith and Fulham,Violence Against the Person,Murder,0,0,0,0,0,2,0,0,0,0,0,0,2,,
Hammersmith and Fulham,Violence Against the Person,Offensive Weapon,8,11,14,20,13,13,12,16,12,9,15,16,159,,
Hammersmith and Fulham,Violence Against the Person,Other violence,15,8,13,15,30,22,16,21,23,25,19,22,229,,
Hammersmith and Fulham,Violence Against the Person,Wounding/GBH,0,0,0,0,0,0,0,0,0,0,0,0,0,,
Haringey,Burglary,Burglary in a Dwelling,252,222,299,211,194,191,219,250,216,275,274,252,2855,,
Haringey,Burglary,Burglary in Other Buildings,81,66,95,68,87,75,87,70,52,69,68,55,873,,
Haringey,Criminal Damage,Criminal Damage To Dwelling,86,73,70,77,101,82,84,94,84,52,61,67,931,,
Haringey,Criminal Damage,Criminal Damage To Motor Vehicle,82,118,128,150,143,106,119,132,94,79,82,69,1302,,
Haringey,Criminal Damage,Criminal Damage To Other Building,18,18,15,25,24,23,14,12,18,14,15,19,215,,
Haringey,Criminal Damage,Other Criminal Damage,54,50,62,62,57,56,52,61,45,66,52,52,669,,
Haringey,Drugs,Drug Trafficking,9,8,5,5,6,10,18,84,17,9,4,3,178,,
Haringey,Drugs,Other Drugs,0,0,3,0,1,4,2,0,0,2,1,0,13,,
Haringey,Drugs,Possession Of Drugs,186,155,190,242,158,180,207,76,233,196,145,110,2078,,
Haringey,Fraud or Forgery,Counted per Victim,61,72,82,96,98,69,90,56,90,85,66,90,955,,
Haringey,Fraud or Forgery,Other Fraud & Forgery,25,35,51,25,27,33,29,29,31,23,26,21,355,,
Haringey,Other Notifiable Offences,Going Equipped,2,3,3,3,1,2,0,1,1,3,3,0,22,,
Haringey,Other Notifiable Offences,Other Notifiable,25,15,25,23,19,34,22,23,15,13,22,18,254,,
Haringey,Robbery,Business Property,15,18,14,4,10,7,13,9,8,11,18,15,142,,
Haringey,Robbery,Personal Property,89,66,73,103,112,78,83,64,73,56,71,82,950,,
Haringey,Sexual Offences,Other Sexual,15,12,47,14,13,20,18,25,14,22,18,17,235,,
Haringey,Sexual Offences,Rape,6,5,6,4,6,5,6,8,6,13,13,11,89,,
Haringey,Theft and Handling,Handling Stolen Goods,10,1,3,4,5,6,7,15,6,6,3,5,71,,
Haringey,Theft and Handling,Motor Vehicle Interference & Tampering,6,3,3,1,7,6,4,5,2,2,3,2,44,,
Haringey,Theft and Handling,Other Theft,206,208,229,225,243,237,244,219,259,233,237,256,2796,,
Haringey,Theft and Handling,Other Theft Person,78,95,64,93,73,83,99,74,70,92,105,103,1029,,
Haringey,Theft and Handling,Theft From Motor Vehicle,214,190,254,314,236,215,322,263,214,162,182,217,2783,,
Haringey,Theft and Handling,Theft From Shops,63,70,62,88,66,63,69,65,63,73,75,93,850,,
Haringey,Theft and Handling,Theft/Taking Of Motor Vehicle,81,59,84,90,86,101,76,82,85,64,85,41,934,,
Haringey,Theft and Handling,Theft/Taking of Pedal Cycle,12,9,26,36,32,65,48,64,50,45,33,15,435,,
Haringey,Violence Against the Person,Assault with Injury,144,154,169,187,218,199,192,144,153,154,151,168,2033,,
Haringey,Violence Against the Person,Common Assault,87,90,96,85,100,96,105,83,74,94,87,98,1095,,
Haringey,Violence Against the Person,Grievous Bodily Harm,22,42,40,36,52,26,31,52,35,48,38,24,446,,
Haringey,Violence Against the Person,Harassment,86,85,103,92,105,84,108,105,56,83,80,77,1064,,
Haringey,Violence Against the Person,Murder,0,1,2,0,1,1,0,0,1,1,0,1,8,,
Haringey,Violence Against the Person,Offensive Weapon,18,14,24,15,14,15,23,15,14,18,6,12,188,,
Haringey,Violence Against the Person,Other violence,16,44,39,43,31,39,23,38,17,30,33,27,380,,
Haringey,Violence Against the Person,Wounding/GBH,0,0,0,0,0,0,0,0,0,0,0,0,0,,
Harrow,Burglary,Burglary in a Dwelling,186,175,139,157,145,132,103,76,78,188,183,179,1741,,
Harrow,Burglary,Burglary in Other Buildings,47,44,76,70,56,46,43,43,43,46,50,45,609,,
Harrow,Criminal Damage,Criminal Damage To Dwelling,37,30,44,44,43,47,32,46,37,36,31,20,447,,
Harrow,Criminal Damage,Criminal Damage To Motor Vehicle,66,57,79,92,66,71,61,59,76,67,67,61,822,,
Harrow,Criminal Damage,Criminal Damage To Other Building,17,12,14,24,17,20,12,15,17,12,16,15,191,,
Harrow,Criminal Damage,Other Criminal Damage,31,34,43,30,48,31,33,32,39,46,46,32,445,,
Harrow,Drugs,Drug Trafficking,5,3,5,7,4,14,2,6,6,8,4,8,72,,
Harrow,Drugs,Other Drugs,0,0,0,0,0,0,1,0,0,1,0,0,2,,
Harrow,Drugs,Possession Of Drugs,49,71,46,60,70,89,75,78,69,78,76,84,845,,
Harrow,Fraud or Forgery,Counted per Victim,53,47,60,53,38,49,40,51,58,64,42,62,617,,
Harrow,Fraud or Forgery,Other Fraud & Forgery,20,20,14,16,23,21,26,16,27,18,19,17,237,,
Harrow,Other Notifiable Offences,Going Equipped,0,0,1,0,2,0,0,2,0,1,1,1,8,,
Harrow,Other Notifiable Offences,Other Notifiable,13,13,16,25,20,18,21,22,15,9,26,13,211,,
Harrow,Robbery,Business Property,6,4,5,2,1,5,8,6,3,4,3,4,51,,
Harrow,Robbery,Personal Property,35,35,48,37,36,31,26,22,28,44,37,40,419,,
Harrow,Sexual Offences,Other Sexual,9,5,18,12,15,16,19,14,12,10,9,6,145,,
Harrow,Sexual Offences,Rape,3,5,6,8,4,4,9,4,10,4,3,2,62,,
Harrow,Theft and Handling,Handling Stolen Goods,1,2,5,2,5,1,6,0,3,4,1,2,32,,
Harrow,Theft and Handling,Motor Vehicle Interference & Tampering,9,14,14,19,19,15,16,10,6,16,8,6,152,,
Harrow,Theft and Handling,Other Theft,117,97,138,122,131,156,162,105,121,118,124,98,1489,,
Harrow,Theft and Handling,Other Theft Person,25,36,35,34,34,39,53,45,36,29,43,33,442,,
Harrow,Theft and Handling,Theft From Motor Vehicle,108,121,142,131,178,116,153,142,125,134,137,155,1642,,
Harrow,Theft and Handling,Theft From Shops,87,57,84,63,49,51,75,67,51,50,42,46,722,,
Harrow,Theft and Handling,Theft/Taking Of Motor Vehicle,36,20,27,24,32,29,28,34,24,29,26,25,334,,
Harrow,Theft and Handling,Theft/Taking of Pedal Cycle,6,6,14,17,16,14,14,13,16,14,15,6,151,,
Harrow,Violence Against the Person,Assault with Injury,81,75,105,88,97,100,84,91,88,104,67,95,1075,,
Harrow,Violence Against the Person,Common Assault,60,65,74,81,60,83,88,80,74,60,74,67,866,,
Harrow,Violence Against the Person,Grievous Bodily Harm,15,28,17,18,18,21,16,11,12,13,14,14,197,,
Harrow,Violence Against the Person,Harassment,56,64,64,87,73,81,90,65,88,106,109,78,961,,
Harrow,Violence Against the Person,Murder,1,1,0,0,0,0,0,0,0,1,0,0,3,,
Harrow,Violence Against the Person,Offensive Weapon,7,5,11,7,3,11,6,7,10,12,5,5,89,,
Harrow,Violence Against the Person,Other violence,12,25,21,16,10,15,12,25,17,29,15,10,207,,
Harrow,Violence Against the Person,Wounding/GBH,0,0,0,0,0,0,0,0,0,0,0,0,0,,
Havering,Burglary,Burglary in a Dwelling,145,131,144,153,134,100,136,116,148,186,195,150,1738,,
Havering,Burglary,Burglary in Other Buildings,91,82,86,106,110,78,56,77,69,86,71,46,958,,
Havering,Criminal Damage,Criminal Damage To Dwelling,49,47,62,34,44,40,47,36,35,37,36,25,492,,
Havering,Criminal Damage,Criminal Damage To Motor Vehicle,86,93,111,74,120,105,101,102,81,87,98,72,1130,,
Havering,Criminal Damage,Criminal Damage To Other Building,26,26,25,28,35,18,13,24,14,19,19,22,269,,
Havering,Criminal Damage,Other Criminal Damage,37,43,51,58,53,47,46,46,33,49,38,43,544,,
Havering,Drugs,Drug Trafficking,5,5,4,8,8,8,14,6,8,7,9,6,88,,
Havering,Drugs,Other Drugs,0,0,0,0,0,0,0,0,0,1,0,0,1,,
Havering,Drugs,Possession Of Drugs,75,87,55,57,60,65,91,74,75,102,70,99,910,,
Havering,Fraud or Forgery,Counted per Victim,73,60,60,43,57,52,42,28,56,35,40,27,573,,
Havering,Fraud or Forgery,Other Fraud & Forgery,9,12,15,11,17,11,4,25,19,10,18,13,164,,
Havering,Other Notifiable Offences,Going Equipped,1,4,1,0,2,2,0,0,1,0,1,0,12,,
Havering,Other Notifiable Offences,Other Notifiable,14,15,16,10,16,14,11,12,24,12,12,15,171,,
Havering,Robbery,Business Property,8,3,7,4,4,3,2,3,6,4,7,7,58,,
Havering,Robbery,Personal Property,27,24,25,26,30,23,32,13,17,21,20,25,283,,
Havering,Sexual Offences,Other Sexual,13,12,7,14,11,15,24,7,27,17,14,7,168,,
Havering,Sexual Offences,Rape,4,1,8,1,2,5,4,4,4,5,4,7,49,,
Havering,Theft and Handling,Handling Stolen Goods,5,2,6,1,0,3,1,1,4,1,4,4,32,,
Havering,Theft and Handling,Motor Vehicle Interference & Tampering,16,10,9,6,4,16,8,7,8,12,7,11,114,,
Havering,Theft and Handling,Other Theft,131,117,155,160,173,196,170,157,147,146,170,135,1857,,
Havering,Theft and Handling,Other Theft Person,39,47,42,40,35,40,50,46,46,43,47,58,533,,
Havering,Theft and Handling,Theft From Motor Vehicle,127,149,119,102,103,104,70,80,113,97,98,75,1237,,
Havering,Theft and Handling,Theft From Shops,105,129,151,109,108,137,129,101,115,117,144,84,1429,,
Havering,Theft and Handling,Theft/Taking Of Motor Vehicle,100,86,90,64,80,61,65,57,94,71,71,57,896,,
Havering,Theft and Handling,Theft/Taking of Pedal Cycle,4,9,11,15,21,20,14,14,16,13,5,9,151,,
Havering,Violence Against the Person,Assault with Injury,95,104,132,96,138,106,109,123,95,127,112,114,1351,,
Havering,Violence Against the Person,Common Assault,56,57,60,51,63,58,66,63,51,51,72,76,724,,
Havering,Violence Against the Person,Grievous Bodily Harm,16,22,23,14,28,17,17,16,17,15,25,23,233,,
Havering,Violence Against the Person,Harassment,40,62,58,62,68,68,80,60,55,81,76,64,774,,
Havering,Violence Against the Person,Murder,0,0,0,0,0,0,0,0,1,0,0,0,1,,
Havering,Violence Against the Person,Offensive Weapon,13,11,6,10,6,4,4,4,10,6,9,7,90,,
Havering,Violence Against the Person,Other violence,9,15,9,10,8,11,7,12,10,7,6,8,112,,
Havering,Violence Against the Person,Wounding/GBH,0,0,0,0,0,0,0,0,0,0,0,0,0,,
Hillingdon,Burglary,Burglary in a Dwelling,286,229,196,153,172,168,166,189,239,244,213,173,2428,,
Hillingdon,Burglary,Burglary in Other Buildings,99,106,92,101,89,48,87,72,56,80,63,71,964,,
Hillingdon,Criminal Damage,Criminal Damage To Dwelling,60,62,91,79,57,62,54,69,55,44,71,43,747,,
Hillingdon,Criminal Damage,Criminal Damage To Motor Vehicle,142,153,164,149,163,152,142,135,122,119,132,94,1667,,
Hillingdon,Criminal Damage,Criminal Damage To Other Building,28,23,20,27,18,19,16,14,15,20,18,16,234,,
Hillingdon,Criminal Damage,Other Criminal Damage,79,53,96,67,76,61,62,69,72,69,59,41,804,,
Hillingdon,Drugs,Drug Trafficking,13,6,8,9,15,8,14,9,10,11,4,8,115,,
Hillingdon,Drugs,Other Drugs,0,0,1,0,0,0,0,1,0,0,0,0,2,,
Hillingdon,Drugs,Possession Of Drugs,186,116,111,72,48,142,121,136,132,152,153,77,1446,,
Hillingdon,Fraud or Forgery,Counted per Victim,90,85,92,70,79,57,47,81,105,73,78,67,924,,
Hillingdon,Fraud or Forgery,Other Fraud & Forgery,27,21,16,21,25,20,21,15,21,20,25,25,257,,
Hillingdon,Other Notifiable Offences,Going Equipped,0,0,0,1,0,0,0,1,5,2,1,1,11,,
Hillingdon,Other Notifiable Offences,Other Notifiable,29,21,37,26,18,31,24,31,33,28,22,24,324,,
Hillingdon,Robbery,Business Property,5,3,7,2,1,5,7,5,8,7,7,6,63,,
Hillingdon,Robbery,Personal Property,61,45,66,36,56,58,56,37,69,34,55,65,638,,
Hillingdon,Sexual Offences,Other Sexual,10,9,13,13,16,21,21,18,32,14,9,22,198,,
Hillingdon,Sexual Offences,Rape,2,3,3,8,1,6,5,5,8,10,3,6,60,,
Hillingdon,Theft and Handling,Handling Stolen Goods,4,1,3,2,4,5,4,4,11,4,4,5,51,,
Hillingdon,Theft and Handling,Motor Vehicle Interference & Tampering,20,22,18,29,27,16,22,23,5,15,9,20,226,,
Hillingdon,Theft and Handling,Other Theft,169,157,187,183,156,145,159,169,177,200,164,155,2021,,
Hillingdon,Theft and Handling,Other Theft Person,43,37,44,36,46,36,49,38,35,45,49,68,526,,
Hillingdon,Theft and Handling,Theft From Motor Vehicle,252,249,272,305,292,250,283,286,248,253,182,233,3105,,
Hillingdon,Theft and Handling,Theft From Shops,105,110,131,120,105,93,111,82,77,81,75,87,1177,,
Hillingdon,Theft and Handling,Theft/Taking Of Motor Vehicle,87,70,60,72,73,51,57,69,45,57,37,45,723,,
Hillingdon,Theft and Handling,Theft/Taking of Pedal Cycle,22,14,23,23,30,25,22,36,26,38,25,11,295,,
Hillingdon,Violence Against the Person,Assault with Injury,194,183,193,186,231,178,171,156,161,164,176,156,2149,,
Hillingdon,Violence Against the Person,Common Assault,68,63,82,61,98,78,93,85,83,69,90,81,951,,
Hillingdon,Violence Against the Person,Grievous Bodily Harm,19,33,49,38,37,37,57,46,29,21,29,27,422,,
Hillingdon,Violence Against the Person,Harassment,175,161,214,146,172,196,151,164,150,175,178,124,2006,,
Hillingdon,Violence Against the Person,Murder,0,0,0,0,1,0,0,1,0,0,0,0,2,,
Hillingdon,Violence Against the Person,Offensive Weapon,19,26,10,12,14,7,3,7,10,10,5,13,136,,
Hillingdon,Violence Against the Person,Other violence,26,21,38,18,20,22,20,19,22,9,13,24,252,,
Hillingdon,Violence Against the Person,Wounding/GBH,0,0,0,0,0,0,0,0,0,0,0,0,0,,
Hounslow,Burglary,Burglary in a Dwelling,184,166,198,151,137,129,140,135,168,199,211,195,2013,,
Hounslow,Burglary,Burglary in Other Buildings,57,70,82,66,63,93,70,58,67,38,39,34,737,,
Hounslow,Criminal Damage,Criminal Damage To Dwelling,40,68,61,60,64,78,61,61,52,54,54,63,716,,
Hounslow,Criminal Damage,Criminal Damage To Motor Vehicle,104,94,109,118,144,118,118,130,113,113,117,83,1361,,
Hounslow,Criminal Damage,Criminal Damage To Other Building,20,10,22,17,29,24,18,18,23,12,23,16,232,,
Hounslow,Criminal Damage,Other Criminal Damage,38,38,50,63,68,55,49,56,54,53,56,41,621,,
Hounslow,Drugs,Drug Trafficking,9,11,22,5,9,14,12,10,15,20,12,11,150,,
Hounslow,Drugs,Other Drugs,0,0,0,0,1,0,0,0,1,1,0,1,4,,
Hounslow,Drugs,Possession Of Drugs,173,149,104,93,159,118,174,177,127,153,159,98,1684,,
Hounslow,Fraud or Forgery,Counted per Victim,89,57,70,65,46,45,71,55,53,67,53,55,726,,
Hounslow,Fraud or Forgery,Other Fraud & Forgery,25,24,32,19,23,18,27,31,30,30,20,28,307,,
Hounslow,Other Notifiable Offences,Going Equipped,1,1,2,2,2,2,3,2,1,2,3,0,21,,
Hounslow,Other Notifiable Offences,Other Notifiable,25,23,28,31,28,35,25,31,39,30,25,18,338,,
Hounslow,Robbery,Business Property,3,2,5,3,4,3,2,3,3,4,4,4,40,,
Hounslow,Robbery,Personal Property,58,54,53,47,65,60,52,34,49,35,57,45,609,,
Hounslow,Sexual Offences,Other Sexual,16,14,16,10,20,20,20,9,15,21,19,21,201,,
Hounslow,Sexual Offences,Rape,9,6,8,6,6,4,9,8,8,7,1,2,74,,
Hounslow,Theft and Handling,Handling Stolen Goods,6,2,5,8,7,3,4,3,2,5,4,6,55,,
Hounslow,Theft and Handling,Motor Vehicle Interference & Tampering,4,20,6,6,9,8,8,5,7,11,6,9,99,,
Hounslow,Theft and Handling,Other Theft,158,182,204,200,192,203,187,181,218,233,212,147,2317,,
Hounslow,Theft and Handling,Other Theft Person,29,51,35,48,41,48,62,40,40,50,44,42,530,,
Hounslow,Theft and Handling,Theft From Motor Vehicle,171,211,207,198,222,245,184,155,209,236,155,148,2341,,
Hounslow,Theft and Handling,Theft From Shops,126,123,148,115,120,84,101,95,88,99,135,96,1330,,
Hounslow,Theft and Handling,Theft/Taking Of Motor Vehicle,74,80,77,54,55,67,48,63,67,55,50,51,741,,
Hounslow,Theft and Handling,Theft/Taking of Pedal Cycle,37,27,37,49,42,70,82,70,62,64,45,25,610,,
Hounslow,Violence Against the Person,Assault with Injury,148,131,137,160,174,160,166,172,171,168,137,149,1873,,
Hounslow,Violence Against the Person,Common Assault,115,104,130,143,106,136,126,95,122,147,110,114,1448,,
Hounslow,Violence Against the Person,Grievous Bodily Harm,26,18,30,26,33,24,19,19,18,19,16,14,262,,
Hounslow,Violence Against the Person,Harassment,90,119,141,143,159,175,141,125,162,131,92,132,1610,,
Hounslow,Violence Against the Person,Murder,1,1,0,0,0,0,0,0,0,0,0,0,2,,
Hounslow,Violence Against the Person,Offensive Weapon,12,9,17,11,11,15,10,17,16,10,8,9,145,,
Hounslow,Violence Against the Person,Other violence,31,19,29,26,41,28,26,18,27,31,22,9,307,,
Hounslow,Violence Against the Person,Wounding/GBH,0,0,0,0,0,0,0,0,0,0,0,0,0,,
Islington,Burglary,Burglary in a Dwelling,161,118,138,127,120,139,145,150,175,148,132,119,1672,,
Islington,Burglary,Burglary in Other Buildings,113,85,138,103,118,132,150,98,94,93,96,96,1316,,
Islington,Criminal Damage,Criminal Damage To Dwelling,54,57,78,71,75,62,67,44,59,84,46,50,747,,
Islington,Criminal Damage,Criminal Damage To Motor Vehicle,97,113,95,78,109,89,74,70,93,78,83,62,1041,,
Islington,Criminal Damage,Criminal Damage To Other Building,21,19,21,24,30,21,16,24,19,19,27,15,256,,
Islington,Criminal Damage,Other Criminal Damage,38,59,45,42,53,41,55,52,54,63,33,33,568,,
Islington,Drugs,Drug Trafficking,15,13,12,9,12,13,20,13,10,15,18,5,155,,
Islington,Drugs,Other Drugs,1,2,2,0,1,2,1,0,2,1,2,0,14,,
Islington,Drugs,Possession Of Drugs,251,346,193,124,191,195,188,202,146,206,198,161,2401,,
Islington,Fraud or Forgery,Counted per Victim,40,37,36,51,40,39,40,27,32,28,34,29,433,,
Islington,Fraud or Forgery,Other Fraud & Forgery,18,16,38,25,38,31,24,23,29,39,45,18,344,,
Islington,Other Notifiable Offences,Going Equipped,3,3,4,1,1,5,4,4,3,4,4,1,37,,
Islington,Other Notifiable Offences,Other Notifiable,29,36,40,32,27,40,32,35,17,41,27,25,381,,
Islington,Robbery,Business Property,8,9,15,9,12,8,5,7,9,7,8,14,111,,
Islington,Robbery,Personal Property,63,74,67,93,95,63,48,50,61,74,86,71,845,,
Islington,Sexual Offences,Other Sexual,15,15,18,15,10,14,9,20,17,20,6,20,179,,
Islington,Sexual Offences,Rape,7,5,4,5,6,4,5,10,5,14,8,6,79,,
Islington,Theft and Handling,Handling Stolen Goods,6,10,3,7,5,3,8,9,6,10,7,12,86,,
Islington,Theft and Handling,Motor Vehicle Interference & Tampering,14,5,15,21,30,23,13,26,19,25,32,21,244,,
Islington,Theft and Handling,Other Theft,352,340,400,348,342,370,341,318,300,393,419,365,4288,,
Islington,Theft and Handling,Other Theft Person,130,96,134,118,99,104,89,99,98,116,134,128,1345,,
Islington,Theft and Handling,Theft From Motor Vehicle,189,181,225,219,241,223,214,208,198,206,235,156,2495,,
Islington,Theft and Handling,Theft From Shops,121,108,148,124,112,103,84,81,81,112,91,100,1265,,
Islington,Theft and Handling,Theft/Taking Of Motor Vehicle,66,63,62,97,87,70,70,63,56,87,78,67,866,,
Islington,Theft and Handling,Theft/Taking of Pedal Cycle,75,83,109,171,159,208,226,161,180,198,143,78,1791,,
Islington,Violence Against the Person,Assault with Injury,157,134,169,156,157,175,160,169,153,167,184,138,1919,,
Islington,Violence Against the Person,Common Assault,118,129,136,134,137,130,134,132,104,135,116,129,1534,,
Islington,Violence Against the Person,Grievous Bodily Harm,28,35,38,31,30,35,30,37,25,33,35,19,376,,
Islington,Violence Against the Person,Harassment,113,143,134,136,155,180,160,138,143,138,137,122,1699,,
Islington,Violence Against the Person,Murder,0,0,1,0,0,0,2,0,0,0,0,0,3,,
Islington,Violence Against the Person,Offensive Weapon,9,10,14,15,10,16,21,9,10,15,12,7,148,,
Islington,Violence Against the Person,Other violence,22,23,22,10,23,14,27,18,17,15,16,13,220,,
Islington,Violence Against the Person,Wounding/GBH,0,0,0,0,0,0,0,0,0,0,0,0,0,,
Kensington and Chelsea,Burglary,Burglary in a Dwelling,115,61,81,60,83,84,77,80,113,90,68,59,971,,
Kensington and Chelsea,Burglary,Burglary in Other Buildings,80,91,43,59,50,67,69,56,61,72,45,38,731,,
Kensington and Chelsea,Criminal Damage,Criminal Damage To Dwelling,25,29,31,24,27,23,21,22,23,30,27,26,308,,
Kensington and Chelsea,Criminal Damage,Criminal Damage To Motor Vehicle,48,23,40,34,48,51,40,37,26,45,35,33,460,,
Kensington and Chelsea,Criminal Damage,Criminal Damage To Other Building,13,8,11,9,13,17,12,15,10,16,13,9,146,,
Kensington and Chelsea,Criminal Damage,Other Criminal Damage,18,23,21,27,15,37,27,20,21,23,31,15,278,,
Kensington and Chelsea,Drugs,Drug Trafficking,26,16,11,6,5,4,11,9,3,4,3,4,102,,
Kensington and Chelsea,Drugs,Other Drugs,1,0,1,0,2,0,2,1,0,4,0,1,12,,
Kensington and Chelsea,Drugs,Possession Of Drugs,121,144,198,134,148,173,174,306,238,155,185,122,2098,,
Kensington and Chelsea,Fraud or Forgery,Counted per Victim,19,48,29,33,33,41,31,35,38,38,34,34,413,,
Kensington and Chelsea,Fraud or Forgery,Other Fraud & Forgery,36,29,40,56,36,38,38,64,42,65,49,88,581,,
Kensington and Chelsea,Other Notifiable Offences,Going Equipped,1,1,3,4,2,1,4,3,1,4,2,5,31,,
Kensington and Chelsea,Other Notifiable Offences,Other Notifiable,44,11,24,40,24,8,17,13,22,16,14,6,239,,
Kensington and Chelsea,Robbery,Business Property,5,4,4,4,4,3,0,4,3,2,4,8,45,,
Kensington and Chelsea,Robbery,Personal Property,35,37,38,38,40,37,42,58,53,62,32,28,500,,
Kensington and Chelsea,Sexual Offences,Other Sexual,10,10,12,16,11,7,10,9,12,10,9,2,118,,
Kensington and Chelsea,Sexual Offences,Rape,1,4,3,5,2,3,3,6,5,9,1,2,44,,
Kensington and Chelsea,Theft and Handling,Handling Stolen Goods,3,9,6,1,9,6,5,7,4,10,6,3,69,,
Kensington and Chelsea,Theft and Handling,Motor Vehicle Interference & Tampering,1,9,4,2,5,6,2,2,9,5,2,0,47,,
Kensington and Chelsea,Theft and Handling,Other Theft,331,340,392,373,383,381,399,347,394,406,363,436,4545,,
Kensington and Chelsea,Theft and Handling,Other Theft Person,78,93,118,122,100,96,111,140,189,102,89,71,1309,,
Kensington and Chelsea,Theft and Handling,Theft From Motor Vehicle,99,103,137,137,149,126,159,123,118,167,121,137,1576,,
Kensington and Chelsea,Theft and Handling,Theft From Shops,176,135,139,150,141,164,164,139,113,162,133,183,1799,,
Kensington and Chelsea,Theft and Handling,Theft/Taking Of Motor Vehicle,34,26,37,35,64,57,39,39,41,49,46,44,511,,
Kensington and Chelsea,Theft and Handling,Theft/Taking of Pedal Cycle,70,44,74,74,100,106,111,79,78,84,66,42,928,,
Kensington and Chelsea,Violence Against the Person,Assault with Injury,99,77,73,70,88,99,73,124,87,65,73,84,1012,,
Kensington and Chelsea,Violence Against the Person,Common Assault,52,60,61,52,69,76,82,71,78,64,82,58,805,,
Kensington and Chelsea,Violence Against the Person,Grievous Bodily Harm,12,13,6,7,9,9,9,18,15,13,10,13,134,,
Kensington and Chelsea,Violence Against the Person,Harassment,67,61,48,48,73,84,67,83,70,85,81,65,832,,
Kensington and Chelsea,Violence Against the Person,Murder,0,0,0,0,0,0,0,0,0,0,0,0,0,,
Kensington and Chelsea,Violence Against the Person,Offensive Weapon,3,4,7,4,3,5,7,10,9,3,8,5,68,,
Kensington and Chelsea,Violence Against the Person,Other violence,13,7,14,8,8,19,6,18,12,7,5,8,125,,
Kensington and Chelsea,Violence Against the Person,Wounding/GBH,0,0,0,0,0,0,0,0,0,0,0,0,0,,
Kingston upon Thames,Burglary,Burglary in a Dwelling,76,54,77,66,52,48,62,50,57,66,45,45,698,,
Kingston upon Thames,Burglary,Burglary in Other Buildings,46,56,55,54,53,54,46,35,34,27,46,48,554,,
Kingston upon Thames,Criminal Damage,Criminal Damage To Dwelling,21,28,31,27,20,21,25,29,24,24,24,14,288,,
Kingston upon Thames,Criminal Damage,Criminal Damage To Motor Vehicle,52,59,67,67,71,53,69,51,46,41,39,45,660,,
Kingston upon Thames,Criminal Damage,Criminal Damage To Other Building,21,14,24,26,20,17,21,18,11,19,17,25,233,,
Kingston upon Thames,Criminal Damage,Other Criminal Damage,15,31,32,20,26,34,30,33,20,21,17,22,301,,
Kingston upon Thames,Drugs,Drug Trafficking,2,5,4,2,5,6,8,0,7,9,6,0,54,,
Kingston upon Thames,Drugs,Other Drugs,0,0,0,0,0,0,1,0,0,0,0,0,1,,
Kingston upon Thames,Drugs,Possession Of Drugs,36,50,38,30,34,51,39,44,43,38,38,50,491,,
Kingston upon Thames,Fraud or Forgery,Counted per Victim,18,20,26,27,14,28,16,26,26,25,28,26,280,,
Kingston upon Thames,Fraud or Forgery,Other Fraud & Forgery,15,16,12,15,9,10,22,16,28,14,15,15,187,,
Kingston upon Thames,Other Notifiable Offences,Going Equipped,0,1,1,1,4,0,2,0,1,0,4,1,15,,
Kingston upon Thames,Other Notifiable Offences,Other Notifiable,10,11,10,6,7,11,13,13,19,15,14,14,143,,
Kingston upon Thames,Robbery,Business Property,4,5,1,2,1,3,2,2,2,2,1,2,27,,
Kingston upon Thames,Robbery,Personal Property,23,19,28,37,34,15,15,15,13,13,18,21,251,,
Kingston upon Thames,Sexual Offences,Other Sexual,11,2,11,8,10,10,10,11,10,9,8,7,107,,
Kingston upon Thames,Sexual Offences,Rape,1,1,3,1,2,4,0,3,3,6,6,3,33,,
Kingston upon Thames,Theft and Handling,Handling Stolen Goods,2,2,3,1,1,3,0,4,0,3,3,2,24,,
Kingston upon Thames,Theft and Handling,Motor Vehicle Interference & Tampering,4,8,11,4,5,12,6,6,5,4,1,3,69,,
Kingston upon Thames,Theft and Handling,Other Theft,121,105,136,129,143,132,120,116,128,128,113,145,1516,,
Kingston upon Thames,Theft and Handling,Other Theft Person,29,37,35,32,19,25,37,29,32,26,46,52,399,,
Kingston upon Thames,Theft and Handling,Theft From Motor Vehicle,86,40,73,65,72,62,46,66,57,40,64,41,712,,
Kingston upon Thames,Theft and Handling,Theft From Shops,76,102,104,117,109,101,100,97,86,98,111,116,1217,,
Kingston upon Thames,Theft and Handling,Theft/Taking Of Motor Vehicle,20,19,29,15,10,20,12,19,27,14,21,6,212,,
Kingston upon Thames,Theft and Handling,Theft/Taking of Pedal Cycle,28,15,33,31,23,44,50,51,53,49,38,36,451,,
Kingston upon Thames,Violence Against the Person,Assault with Injury,53,76,78,90,92,80,77,86,56,88,78,93,947,,
Kingston upon Thames,Violence Against the Person,Common Assault,33,42,44,49,53,37,52,48,56,47,40,41,542,,
Kingston upon Thames,Violence Against the Person,Grievous Bodily Harm,11,12,16,25,20,13,29,19,24,17,18,12,216,,
Kingston upon Thames,Violence Against the Person,Harassment,24,13,27,31,34,31,30,27,41,41,39,32,370,,
Kingston upon Thames,Violence Against the Person,Murder,0,0,0,0,0,0,1,0,0,0,0,0,1,,
Kingston upon Thames,Violence Against the Person,Offensive Weapon,3,4,4,4,1,1,1,0,1,1,4,5,29,,
Kingston upon Thames,Violence Against the Person,Other violence,12,6,8,12,8,8,4,7,5,18,4,10,102,,
Kingston upon Thames,Violence Against the Person,Wounding/GBH,0,0,0,0,0,0,0,0,0,0,0,0,0,,
Lambeth,Burglary,Burglary in a Dwelling,259,205,315,236,234,304,263,243,253,272,259,205,3048,,
Lambeth,Burglary,Burglary in Other Buildings,64,53,85,80,93,82,71,67,67,67,81,64,874,,
Lambeth,Criminal Damage,Criminal Damage To Dwelling,82,79,97,108,100,117,121,109,117,76,75,77,1158,,
Lambeth,Criminal Damage,Criminal Damage To Motor Vehicle,95,102,129,135,146,116,150,115,100,110,101,95,1394,,
Lambeth,Criminal Damage,Criminal Damage To Other Building,17,26,37,45,40,38,26,30,32,34,25,41,391,,
Lambeth,Criminal Damage,Other Criminal Damage,50,61,43,65,59,55,48,54,53,65,58,51,662,,
Lambeth,Drugs,Drug Trafficking,17,16,17,33,17,21,15,16,10,21,15,12,210,,
Lambeth,Drugs,Other Drugs,6,3,3,2,3,2,2,0,1,3,0,0,25,,
Lambeth,Drugs,Possession Of Drugs,336,217,270,272,266,309,321,262,215,275,263,235,3241,,
Lambeth,Fraud or Forgery,Counted per Victim,31,44,36,28,30,47,50,46,48,58,43,36,497,,
Lambeth,Fraud or Forgery,Other Fraud & Forgery,36,28,52,31,33,39,44,42,38,52,94,40,529,,
Lambeth,Other Notifiable Offences,Going Equipped,6,1,4,5,6,3,4,4,6,1,4,0,44,,
Lambeth,Other Notifiable Offences,Other Notifiable,62,45,40,46,51,53,58,40,41,30,34,30,530,,
Lambeth,Robbery,Business Property,19,27,22,13,19,15,16,18,24,21,32,30,256,,
Lambeth,Robbery,Personal Property,140,177,202,181,188,193,183,174,161,164,176,172,2111,,
Lambeth,Sexual Offences,Other Sexual,25,20,32,19,31,31,28,24,36,53,29,34,362,,
Lambeth,Sexual Offences,Rape,10,9,15,11,16,23,15,15,13,18,13,17,175,,
Lambeth,Theft and Handling,Handling Stolen Goods,10,5,5,2,5,9,7,4,9,8,8,6,78,,
Lambeth,Theft and Handling,Motor Vehicle Interference & Tampering,1,3,2,2,9,7,1,6,1,4,6,7,49,,
Lambeth,Theft and Handling,Other Theft,346,304,368,348,394,440,377,396,361,424,436,356,4550,,
Lambeth,Theft and Handling,Other Theft Person,110,119,99,113,160,157,205,124,132,158,209,126,1712,,
Lambeth,Theft and Handling,Theft From Motor Vehicle,178,178,210,188,177,178,183,209,198,155,159,162,2175,,
Lambeth,Theft and Handling,Theft From Shops,70,70,64,79,89,63,74,96,74,99,81,87,946,,
Lambeth,Theft and Handling,Theft/Taking Of Motor Vehicle,77,59,97,110,88,91,101,75,82,97,82,82,1041,,
Lambeth,Theft and Handling,Theft/Taking of Pedal Cycle,81,63,93,128,124,146,132,119,130,141,106,57,1320,,
Lambeth,Violence Against the Person,Assault with Injury,174,205,228,229,258,293,223,248,203,210,250,192,2713,,
Lambeth,Violence Against the Person,Common Assault,132,150,186,150,191,163,169,188,132,180,155,142,1938,,
Lambeth,Violence Against the Person,Grievous Bodily Harm,63,42,46,40,53,47,40,53,38,52,29,59,562,,
Lambeth,Violence Against the Person,Harassment,115,113,130,131,123,184,159,157,138,163,166,138,1717,,
Lambeth,Violence Against the Person,Murder,2,0,0,1,0,1,0,1,1,2,0,0,8,,
Lambeth,Violence Against the Person,Offensive Weapon,32,20,23,24,28,27,28,28,32,21,22,16,301,,
Lambeth,Violence Against the Person,Other violence,45,47,38,32,45,45,32,50,34,39,19,41,467,,
Lambeth,Violence Against the Person,Wounding/GBH,0,0,0,0,0,0,0,0,0,0,0,0,0,,
Lewisham,Burglary,Burglary in a Dwelling,210,209,177,141,128,141,189,184,170,213,190,157,2109,,
Lewisham,Burglary,Burglary in Other Buildings,79,82,104,94,88,90,75,85,90,68,80,75,1010,,
Lewisham,Criminal Damage,Criminal Damage To Dwelling,86,98,125,127,116,112,111,95,107,99,89,93,1258,,
Lewisham,Criminal Damage,Criminal Damage To Motor Vehicle,118,104,120,154,142,150,133,125,130,110,97,115,1498,,
Lewisham,Criminal Damage,Criminal Damage To Other Building,20,10,31,30,21,23,26,27,24,14,16,17,259,,
Lewisham,Criminal Damage,Other Criminal Damage,68,59,68,65,66,68,63,71,70,69,50,62,779,,
Lewisham,Drugs,Drug Trafficking,9,8,11,11,10,55,34,9,12,8,16,10,193,,
Lewisham,Drugs,Other Drugs,1,0,1,1,0,1,1,1,0,3,0,0,9,,
Lewisham,Drugs,Possession Of Drugs,235,186,260,157,145,235,227,247,208,214,218,138,2470,,
Lewisham,Fraud or Forgery,Counted per Victim,71,66,65,66,63,62,85,77,95,84,109,90,933,,
Lewisham,Fraud or Forgery,Other Fraud & Forgery,52,35,56,52,24,44,37,26,26,37,46,35,470,,
Lewisham,Other Notifiable Offences,Going Equipped,0,0,0,0,4,0,1,2,1,3,4,2,17,,
Lewisham,Other Notifiable Offences,Other Notifiable,29,55,52,45,40,39,49,59,43,42,49,49,551,,
Lewisham,Robbery,Business Property,12,8,15,11,14,14,15,11,13,13,7,5,138,,
Lewisham,Robbery,Personal Property,120,108,97,93,74,105,104,112,108,103,71,73,1168,,
Lewisham,Sexual Offences,Other Sexual,30,13,16,13,27,21,24,20,21,21,17,20,243,,
Lewisham,Sexual Offences,Rape,7,9,8,13,10,13,10,8,11,4,12,6,111,,
Lewisham,Theft and Handling,Handling Stolen Goods,10,4,10,3,3,2,2,4,7,3,8,5,61,,
Lewisham,Theft and Handling,Motor Vehicle Interference & Tampering,23,21,14,16,3,12,8,16,18,18,16,12,177,,
Lewisham,Theft and Handling,Other Theft,198,208,272,210,216,183,228,203,209,254,241,164,2586,,
Lewisham,Theft and Handling,Other Theft Person,54,57,63,51,53,57,61,59,66,89,56,65,731,,
Lewisham,Theft and Handling,Theft From Motor Vehicle,224,158,179,205,218,171,195,128,185,151,175,200,2189,,
Lewisham,Theft and Handling,Theft From Shops,83,110,114,99,122,88,95,112,105,146,112,152,1338,,
Lewisham,Theft and Handling,Theft/Taking Of Motor Vehicle,68,58,99,69,80,86,86,82,99,77,58,71,933,,
Lewisham,Theft and Handling,Theft/Taking of Pedal Cycle,23,22,41,53,43,55,78,49,59,81,52,25,581,,
Lewisham,Violence Against the Person,Assault with Injury,195,174,204,180,235,219,200,186,184,182,175,192,2326,,
Lewisham,Violence Against the Person,Common Assault,153,169,190,151,175,164,187,159,140,150,150,149,1937,,
Lewisham,Violence Against the Person,Grievous Bodily Harm,25,35,47,39,45,46,41,34,33,29,25,21,420,,
Lewisham,Violence Against the Person,Harassment,254,217,252,185,246,266,244,289,195,209,189,153,2699,,
Lewisham,Violence Against the Person,Murder,0,1,0,0,2,0,1,0,2,1,0,0,7,,
Lewisham,Violence Against the Person,Offensive Weapon,21,15,18,21,14,25,25,17,27,17,17,13,230,,
Lewisham,Violence Against the Person,Other violence,36,33,37,29,32,33,29,29,36,40,35,25,394,,
Lewisham,Violence Against the Person,Wounding/GBH,0,0,0,0,0,0,0,0,0,0,0,0,0,,
Merton,Burglary,Burglary in a Dwelling,123,74,108,118,106,88,73,68,70,69,114,102,1113,,
Merton,Burglary,Burglary in Other Buildings,66,54,70,62,91,85,73,51,60,61,66,45,784,,
Merton,Criminal Damage,Criminal Damage To Dwelling,39,35,47,56,45,50,36,42,50,42,43,36,521,,
Merton,Criminal Damage,Criminal Damage To Motor Vehicle,79,74,62,109,100,116,84,85,76,73,70,49,977,,
Merton,Criminal Damage,Criminal Damage To Other Building,16,14,27,18,18,19,15,12,23,13,10,14,199,,
Merton,Criminal Damage,Other Criminal Damage,25,24,33,34,33,33,33,44,50,37,30,36,412,,
Merton,Drugs,Drug Trafficking,5,11,1,2,6,5,4,4,5,4,3,7,57,,
Merton,Drugs,Other Drugs,0,2,0,0,0,0,0,1,0,0,1,1,5,,
Merton,Drugs,Possession Of Drugs,49,56,50,45,66,63,88,55,71,83,69,99,794,,
Merton,Fraud or Forgery,Counted per Victim,36,21,31,29,28,35,29,23,31,30,37,29,359,,
Merton,Fraud or Forgery,Other Fraud & Forgery,17,17,23,18,17,23,20,13,16,22,10,12,208,,
Merton,Other Notifiable Offences,Going Equipped,0,0,1,1,2,0,1,0,0,0,3,1,9,,
Merton,Other Notifiable Offences,Other Notifiable,15,21,23,16,18,19,24,11,8,12,9,9,185,,
Merton,Robbery,Business Property,6,8,8,4,5,7,0,5,8,12,7,8,78,,
Merton,Robbery,Personal Property,47,25,57,38,37,49,39,45,52,50,19,23,481,,
Merton,Sexual Offences,Other Sexual,16,10,8,15,10,14,12,12,14,14,6,3,134,,
Merton,Sexual Offences,Rape,3,5,2,2,2,4,2,6,2,1,5,1,35,,
Merton,Theft and Handling,Handling Stolen Goods,3,3,3,4,3,2,3,4,3,7,2,0,37,,
Merton,Theft and Handling,Motor Vehicle Interference & Tampering,3,7,3,8,10,1,5,9,6,1,13,3,69,,
Merton,Theft and Handling,Other Theft,109,112,112,122,134,141,153,131,145,123,140,110,1532,,
Merton,Theft and Handling,Other Theft Person,31,21,21,19,11,30,32,24,20,23,27,23,282,,
Merton,Theft and Handling,Theft From Motor Vehicle,95,88,112,90,111,132,68,87,97,87,111,83,1161,,
Merton,Theft and Handling,Theft From Shops,78,60,70,76,71,76,79,76,70,83,68,65,872,,
Merton,Theft and Handling,Theft/Taking Of Motor Vehicle,45,40,54,47,50,38,46,44,47,23,35,53,522,,
Merton,Theft and Handling,Theft/Taking of Pedal Cycle,26,13,26,36,44,52,59,39,40,44,34,29,442,,
Merton,Violence Against the Person,Assault with Injury,120,94,96,104,133,105,106,90,108,122,101,86,1265,,
Merton,Violence Against the Person,Common Assault,64,57,52,75,64,61,71,77,89,77,79,66,832,,
Merton,Violence Against the Person,Grievous Bodily Harm,17,26,27,26,22,16,19,14,20,10,14,13,224,,
Merton,Violence Against the Person,Harassment,77,66,121,112,74,74,86,56,60,82,78,75,961,,
Merton,Violence Against the Person,Murder,0,1,0,0,0,0,0,0,0,0,0,0,1,,
Merton,Violence Against the Person,Offensive Weapon,9,5,4,10,10,20,12,3,7,4,4,5,93,,
Merton,Violence Against the Person,Other violence,19,14,17,4,18,8,18,6,10,14,5,9,142,,
Merton,Violence Against the Person,Wounding/GBH,0,0,0,0,0,0,0,0,0,0,0,0,0,,
Newham,Burglary,Burglary in a Dwelling,177,158,168,183,165,155,186,208,224,195,213,167,2199,,
Newham,Burglary,Burglary in Other Buildings,93,93,120,95,99,129,148,106,146,111,85,76,1301,,
Newham,Criminal Damage,Criminal Damage To Dwelling,92,87,88,92,109,106,100,114,86,87,72,85,1118,,
Newham,Criminal Damage,Criminal Damage To Motor Vehicle,100,107,127,139,117,135,146,131,131,132,132,127,1524,,
Newham,Criminal Damage,Criminal Damage To Other Building,19,22,25,23,34,30,27,21,23,27,28,18,297,,
Newham,Criminal Damage,Other Criminal Damage,43,51,65,64,64,69,64,76,62,60,67,53,738,,
Newham,Drugs,Drug Trafficking,5,9,6,4,8,9,15,11,10,14,9,15,115,,
Newham,Drugs,Other Drugs,1,0,0,1,0,1,1,0,3,0,1,0,8,,
Newham,Drugs,Possession Of Drugs,230,216,250,184,173,219,210,139,221,270,168,191,2471,,
Newham,Fraud or Forgery,Counted per Victim,59,57,70,78,88,102,70,88,91,90,99,69,961,,
Newham,Fraud or Forgery,Other Fraud & Forgery,56,59,72,56,55,47,49,65,60,72,49,42,682,,
Newham,Other Notifiable Offences,Going Equipped,3,0,2,1,1,0,1,2,2,1,0,0,13,,
Newham,Other Notifiable Offences,Other Notifiable,31,27,58,28,33,32,31,31,35,28,35,30,399,,
Newham,Robbery,Business Property,18,18,26,14,18,9,12,15,19,20,17,7,193,,
Newham,Robbery,Personal Property,132,121,154,165,184,147,165,147,103,188,185,199,1890,,
Newham,Sexual Offences,Other Sexual,23,12,16,28,29,22,42,28,26,27,21,17,291,,
Newham,Sexual Offences,Rape,9,9,10,8,17,12,12,13,10,2,15,7,124,,
Newham,Theft and Handling,Handling Stolen Goods,8,13,11,14,5,9,8,9,6,8,5,6,102,,
Newham,Theft and Handling,Motor Vehicle Interference & Tampering,13,16,17,9,17,10,13,7,11,14,8,10,145,,
Newham,Theft and Handling,Other Theft,209,199,282,254,236,269,254,271,246,296,279,257,3052,,
Newham,Theft and Handling,Other Theft Person,113,91,103,99,106,122,95,69,101,116,142,125,1282,,
Newham,Theft and Handling,Theft From Motor Vehicle,382,382,401,393,358,351,343,403,328,300,368,392,4401,,
Newham,Theft and Handling,Theft From Shops,86,96,100,95,105,111,93,68,88,79,89,99,1109,,
Newham,Theft and Handling,Theft/Taking Of Motor Vehicle,116,105,106,110,85,94,99,87,108,122,82,90,1204,,
Newham,Theft and Handling,Theft/Taking of Pedal Cycle,20,10,28,50,52,47,36,53,42,50,31,17,436,,
Newham,Violence Against the Person,Assault with Injury,209,183,198,195,244,276,230,265,214,236,203,202,2655,,
Newham,Violence Against the Person,Common Assault,162,161,195,188,198,193,192,186,212,170,192,180,2229,,
Newham,Violence Against the Person,Grievous Bodily Harm,48,33,61,41,66,58,50,78,57,48,42,33,615,,
Newham,Violence Against the Person,Harassment,109,79,121,86,104,120,115,133,125,143,117,95,1347,,
Newham,Violence Against the Person,Murder,2,1,0,1,0,1,1,0,1,1,0,0,8,,
Newham,Violence Against the Person,Offensive Weapon,23,11,20,17,15,13,28,20,26,21,14,17,225,,
Newham,Violence Against the Person,Other violence,26,20,16,12,13,18,23,33,23,24,19,12,239,,
Newham,Violence Against the Person,Wounding/GBH,0,0,0,0,0,0,0,0,0,0,0,0,0,,
Redbridge,Burglary,Burglary in a Dwelling,256,210,238,188,226,207,209,176,246,256,231,225,2668,,
Redbridge,Burglary,Burglary in Other Buildings,59,63,78,75,71,80,59,62,76,50,58,49,780,,
Redbridge,Criminal Damage,Criminal Damage To Dwelling,46,40,48,53,54,40,45,34,49,38,48,41,536,,
Redbridge,Criminal Damage,Criminal Damage To Motor Vehicle,102,93,110,96,139,104,120,101,102,99,95,77,1238,,
Redbridge,Criminal Damage,Criminal Damage To Other Building,21,13,14,21,20,24,20,16,24,14,16,20,223,,
Redbridge,Criminal Damage,Other Criminal Damage,38,40,54,52,61,50,34,32,48,48,35,31,523,,
Redbridge,Drugs,Drug Trafficking,5,8,4,3,2,7,10,2,9,9,10,5,74,,
Redbridge,Drugs,Other Drugs,0,0,2,1,0,1,0,1,0,0,0,0,5,,
Redbridge,Drugs,Possession Of Drugs,198,171,190,109,129,142,226,176,143,226,330,192,2232,,
Redbridge,Fraud or Forgery,Counted per Victim,158,86,107,94,47,120,99,62,119,110,109,68,1179,,
Redbridge,Fraud or Forgery,Other Fraud & Forgery,22,23,25,35,20,29,29,29,45,36,32,31,356,,
Redbridge,Other Notifiable Offences,Going Equipped,3,0,1,0,1,1,1,0,1,0,2,1,11,,
Redbridge,Other Notifiable Offences,Other Notifiable,15,12,32,15,19,14,18,28,22,29,16,13,233,,
Redbridge,Robbery,Business Property,15,13,16,16,12,14,8,8,5,10,7,9,133,,
Redbridge,Robbery,Personal Property,85,82,69,79,89,86,70,44,52,61,57,66,840,,
Redbridge,Sexual Offences,Other Sexual,18,11,18,14,11,19,16,14,17,15,17,5,175,,
Redbridge,Sexual Offences,Rape,5,3,5,1,2,3,5,2,15,6,5,5,57,,
Redbridge,Theft and Handling,Handling Stolen Goods,3,7,5,2,4,3,6,8,3,6,8,3,58,,
Redbridge,Theft and Handling,Motor Vehicle Interference & Tampering,10,11,11,6,11,19,13,16,8,16,17,10,148,,
Redbridge,Theft and Handling,Other Theft,211,159,184,207,185,201,181,186,171,180,182,165,2212,,
Redbridge,Theft and Handling,Other Theft Person,41,29,48,50,59,48,58,48,57,51,67,61,617,,
Redbridge,Theft and Handling,Theft From Motor Vehicle,231,192,262,216,242,280,222,191,232,224,220,220,2732,,
Redbridge,Theft and Handling,Theft From Shops,141,124,125,137,115,96,91,90,124,116,103,97,1359,,
Redbridge,Theft and Handling,Theft/Taking Of Motor Vehicle,77,79,130,104,122,94,85,113,111,119,106,109,1249,,
Redbridge,Theft and Handling,Theft/Taking of Pedal Cycle,8,5,13,18,24,25,19,17,18,18,7,8,180,,
Redbridge,Violence Against the Person,Assault with Injury,136,119,138,135,154,123,141,110,129,107,126,113,1531,,
Redbridge,Violence Against the Person,Common Assault,77,68,72,72,73,91,87,71,94,71,95,84,955,,
Redbridge,Violence Against the Person,Grievous Bodily Harm,29,21,33,27,20,29,18,15,18,21,36,18,285,,
Redbridge,Violence Against the Person,Harassment,82,75,91,80,96,95,103,96,98,112,104,111,1143,,
Redbridge,Violence Against the Person,Murder,0,0,0,0,0,1,0,0,0,0,0,0,1,,
Redbridge,Violence Against the Person,Offensive Weapon,13,7,9,8,7,9,11,13,6,11,13,9,116,,
Redbridge,Violence Against the Person,Other violence,16,11,21,10,10,23,38,15,14,15,22,13,208,,
Redbridge,Violence Against the Person,Wounding/GBH,0,0,0,0,0,0,0,0,0,0,0,0,0,,
Richmond upon Thames,Burglary,Burglary in a Dwelling,102,69,71,89,66,75,66,73,68,73,79,61,892,,
Richmond upon Thames,Burglary,Burglary in Other Buildings,93,87,72,60,87,88,92,47,61,53,56,45,841,,
Richmond upon Thames,Criminal Damage,Criminal Damage To Dwelling,25,28,34,25,16,18,31,12,28,21,17,8,263,,
Richmond upon Thames,Criminal Damage,Criminal Damage To Motor Vehicle,54,81,86,68,101,84,56,55,55,43,52,42,777,,
Richmond upon Thames,Criminal Damage,Criminal Damage To Other Building,12,23,35,15,25,21,18,16,10,12,26,8,221,,
Richmond upon Thames,Criminal Damage,Other Criminal Damage,28,20,31,34,38,43,23,32,34,28,27,26,364,,
Richmond upon Thames,Drugs,Drug Trafficking,8,6,2,1,2,4,2,2,2,1,4,4,38,,
Richmond upon Thames,Drugs,Other Drugs,0,0,0,0,0,0,0,0,0,0,0,1,1,,
Richmond upon Thames,Drugs,Possession Of Drugs,55,50,55,42,52,60,49,47,65,51,48,51,625,,
Richmond upon Thames,Fraud or Forgery,Counted per Victim,23,18,22,23,21,18,17,28,27,30,33,31,291,,
Richmond upon Thames,Fraud or Forgery,Other Fraud & Forgery,10,19,12,12,16,16,17,17,18,21,6,9,173,,
Richmond upon Thames,Other Notifiable Offences,Going Equipped,0,0,1,0,0,0,1,0,0,1,0,3,6,,
Richmond upon Thames,Other Notifiable Offences,Other Notifiable,12,5,12,9,11,9,15,6,6,12,6,6,109,,
Richmond upon Thames,Robbery,Business Property,5,2,3,5,1,2,5,0,0,2,2,1,28,,
Richmond upon Thames,Robbery,Personal Property,16,14,20,15,12,24,8,10,13,31,15,27,205,,
Richmond upon Thames,Sexual Offences,Other Sexual,2,6,11,11,12,12,11,5,5,11,7,4,97,,
Richmond upon Thames,Sexual Offences,Rape,2,1,4,2,2,1,2,1,8,4,1,3,31,,
Richmond upon Thames,Theft and Handling,Handling Stolen Goods,3,0,1,4,2,1,1,0,3,3,1,2,21,,
Richmond upon Thames,Theft and Handling,Motor Vehicle Interference & Tampering,3,4,6,9,7,15,9,6,11,16,5,1,92,,
Richmond upon Thames,Theft and Handling,Other Theft,90,113,144,124,127,123,120,104,139,120,113,100,1417,,
Richmond upon Thames,Theft and Handling,Other Theft Person,19,20,14,13,10,15,19,15,21,12,20,18,196,,
Richmond upon Thames,Theft and Handling,Theft From Motor Vehicle,104,109,108,118,125,123,111,51,80,121,58,80,1188,,
Richmond upon Thames,Theft and Handling,Theft From Shops,49,72,85,80,66,58,65,52,70,61,39,52,749,,
Richmond upon Thames,Theft and Handling,Theft/Taking Of Motor Vehicle,26,23,33,28,28,20,29,25,38,19,18,13,300,,
Richmond upon Thames,Theft and Handling,Theft/Taking of Pedal Cycle,30,27,36,60,69,77,93,51,65,59,37,40,644,,
Richmond upon Thames,Violence Against the Person,Assault with Injury,54,60,54,40,69,66,61,49,62,54,57,55,681,,
Richmond upon Thames,Violence Against the Person,Common Assault,42,29,47,30,35,53,51,36,57,41,43,49,513,,
Richmond upon Thames,Violence Against the Person,Grievous Bodily Harm,16,6,8,9,12,17,5,9,8,3,4,4,101,,
Richmond upon Thames,Violence Against the Person,Harassment,49,48,50,56,85,67,58,63,54,50,61,50,691,,
Richmond upon Thames,Violence Against the Person,Murder,0,0,0,0,0,0,0,0,0,0,0,0,0,,
Richmond upon Thames,Violence Against the Person,Offensive Weapon,3,7,3,6,3,6,3,1,1,4,1,4,42,,
Richmond upon Thames,Violence Against the Person,Other violence,4,9,7,8,12,9,10,2,7,8,11,11,98,,
Richmond upon Thames,Violence Against the Person,Wounding/GBH,0,0,0,0,0,0,0,0,0,0,0,0,0,,
Southwark,Burglary,Burglary in a Dwelling,173,136,161,156,167,164,169,152,161,156,161,149,1905,,
Southwark,Burglary,Burglary in Other Buildings,103,90,164,132,146,148,121,106,100,116,116,96,1438,,
Southwark,Criminal Damage,Criminal Damage To Dwelling,88,89,78,85,70,87,70,78,65,76,53,61,900,,
Southwark,Criminal Damage,Criminal Damage To Motor Vehicle,135,87,71,113,139,99,112,105,126,138,93,65,1283,,
Southwark,Criminal Damage,Criminal Damage To Other Building,27,34,25,42,32,45,36,19,19,32,35,17,363,,
Southwark,Criminal Damage,Other Criminal Damage,59,59,55,54,55,58,69,78,61,76,64,36,724,,
Southwark,Drugs,Drug Trafficking,29,15,10,19,22,22,12,17,21,11,14,92,284,,
Southwark,Drugs,Other Drugs,3,3,1,1,2,1,3,1,4,2,1,3,25,,
Southwark,Drugs,Possession Of Drugs,434,414,462,298,324,304,323,392,421,359,332,343,4406,,
Southwark,Fraud or Forgery,Counted per Victim,104,77,99,96,81,99,101,72,77,62,69,64,1001,,
Southwark,Fraud or Forgery,Other Fraud & Forgery,48,52,56,61,59,57,59,42,40,33,44,28,579,,
Southwark,Other Notifiable Offences,Going Equipped,4,0,1,4,3,6,4,3,7,5,3,1,41,,
Southwark,Other Notifiable Offences,Other Notifiable,63,56,55,44,64,64,68,62,71,69,47,49,712,,
Southwark,Robbery,Business Property,10,17,27,26,23,9,12,22,15,16,16,12,205,,
Southwark,Robbery,Personal Property,136,122,154,176,158,184,148,154,158,142,123,106,1761,,
Southwark,Sexual Offences,Other Sexual,28,21,18,28,27,30,44,18,21,28,31,19,313,,
Southwark,Sexual Offences,Rape,9,7,9,6,7,12,16,19,15,10,22,14,146,,
Southwark,Theft and Handling,Handling Stolen Goods,13,10,10,4,8,9,13,7,7,11,4,17,113,,
Southwark,Theft and Handling,Motor Vehicle Interference & Tampering,15,9,16,25,8,6,15,12,16,16,17,10,165,,
Southwark,Theft and Handling,Other Theft,339,326,351,362,347,397,357,423,354,389,388,353,4386,,
Southwark,Theft and Handling,Other Theft Person,98,104,113,98,117,117,124,135,89,125,146,120,1386,,
Southwark,Theft and Handling,Theft From Motor Vehicle,149,154,181,172,209,172,199,170,216,215,141,135,2113,,
Southwark,Theft and Handling,Theft From Shops,100,82,115,107,97,107,104,104,99,82,90,114,1201,,
Southwark,Theft and Handling,Theft/Taking Of Motor Vehicle,67,65,85,102,121,105,93,92,78,82,65,80,1035,,
Southwark,Theft and Handling,Theft/Taking of Pedal Cycle,40,47,107,117,145,170,182,193,138,160,143,50,1492,,
Southwark,Violence Against the Person,Assault with Injury,202,218,228,231,269,272,250,279,219,230,207,223,2828,,
Southwark,Violence Against the Person,Common Assault,179,172,160,147,200,183,167,187,158,215,186,167,2121,,
Southwark,Violence Against the Person,Grievous Bodily Harm,40,52,60,62,79,70,66,62,50,55,51,50,697,,
Southwark,Violence Against the Person,Harassment,201,163,196,161,217,228,218,192,188,205,206,149,2324,,
Southwark,Violence Against the Person,Murder,0,1,1,0,0,0,0,2,2,0,2,0,8,,
Southwark,Violence Against the Person,Offensive Weapon,21,20,20,31,19,24,30,28,31,26,14,20,284,,
Southwark,Violence Against the Person,Other violence,46,22,54,56,42,53,44,35,35,52,46,42,527,,
Southwark,Violence Against the Person,Wounding/GBH,0,0,0,0,0,0,0,0,0,0,0,0,0,,
Sutton,Burglary,Burglary in a Dwelling,92,57,75,66,61,66,79,55,52,40,86,60,789,,
Sutton,Burglary,Burglary in Other Buildings,74,68,50,82,73,74,63,59,55,53,29,49,729,,
Sutton,Criminal Damage,Criminal Damage To Dwelling,50,38,32,42,44,42,38,41,46,33,27,27,460,,
Sutton,Criminal Damage,Criminal Damage To Motor Vehicle,101,76,116,97,111,102,93,97,72,98,68,55,1086,,
Sutton,Criminal Damage,Criminal Damage To Other Building,28,31,24,31,29,28,20,15,12,21,17,11,267,,
Sutton,Criminal Damage,Other Criminal Damage,29,15,33,55,37,29,33,36,31,21,18,29,366,,
Sutton,Drugs,Drug Trafficking,2,3,6,3,1,2,2,4,6,4,6,3,42,,
Sutton,Drugs,Other Drugs,0,0,0,0,0,0,0,0,0,0,0,0,0,,
Sutton,Drugs,Possession Of Drugs,39,26,46,31,34,53,52,37,42,54,65,20,499,,
Sutton,Fraud or Forgery,Counted per Victim,29,26,25,35,20,58,37,33,30,16,24,22,355,,
Sutton,Fraud or Forgery,Other Fraud & Forgery,5,7,10,12,5,8,8,3,4,14,7,4,87,,
Sutton,Other Notifiable Offences,Going Equipped,1,1,0,1,0,0,0,2,0,0,1,1,7,,
Sutton,Other Notifiable Offences,Other Notifiable,10,10,11,15,20,8,16,10,8,15,9,10,142,,
Sutton,Robbery,Business Property,4,4,11,6,1,4,5,5,4,5,5,1,55,,
Sutton,Robbery,Personal Property,21,19,33,34,29,29,22,11,20,12,29,26,285,,
Sutton,Sexual Offences,Other Sexual,7,2,10,9,12,9,20,7,16,10,17,15,134,,
Sutton,Sexual Offences,Rape,4,4,5,3,3,0,5,5,5,4,7,7,52,,
Sutton,Theft and Handling,Handling Stolen Goods,3,1,3,3,1,3,1,8,3,4,1,2,33,,
Sutton,Theft and Handling,Motor Vehicle Interference & Tampering,6,19,6,11,18,25,19,10,7,9,5,10,145,,
Sutton,Theft and Handling,Other Theft,109,101,133,123,121,128,128,77,80,91,90,92,1273,,
Sutton,Theft and Handling,Other Theft Person,34,19,31,28,22,23,25,27,22,14,34,32,311,,
Sutton,Theft and Handling,Theft From Motor Vehicle,154,125,127,125,187,191,138,108,111,131,124,114,1635,,
Sutton,Theft and Handling,Theft From Shops,98,77,98,90,96,86,74,75,58,101,93,83,1029,,
Sutton,Theft and Handling,Theft/Taking Of Motor Vehicle,49,34,34,47,36,51,32,40,23,18,29,26,419,,
Sutton,Theft and Handling,Theft/Taking of Pedal Cycle,11,11,21,17,30,31,16,21,22,18,23,18,239,,
Sutton,Violence Against the Person,Assault with Injury,95,79,120,98,104,100,77,95,91,86,91,86,1122,,
Sutton,Violence Against the Person,Common Assault,49,47,83,69,68,78,63,61,68,66,44,84,780,,
Sutton,Violence Against the Person,Grievous Bodily Harm,10,14,18,20,19,18,9,12,9,15,12,12,168,,
Sutton,Violence Against the Person,Harassment,31,47,18,24,40,47,32,45,45,30,35,23,417,,
Sutton,Violence Against the Person,Murder,0,0,1,0,0,0,0,1,0,0,1,0,3,,
Sutton,Violence Against the Person,Offensive Weapon,7,12,13,11,7,9,8,7,4,5,6,4,93,,
Sutton,Violence Against the Person,Other violence,12,4,13,10,10,7,9,9,13,3,13,12,115,,
Sutton,Violence Against the Person,Wounding/GBH,0,0,0,0,0,0,0,0,0,0,0,0,0,,
Tower Hamlets,Burglary,Burglary in a Dwelling,87,54,80,82,90,78,99,124,98,76,85,87,1040,,
Tower Hamlets,Burglary,Burglary in Other Buildings,74,93,107,152,87,85,114,77,68,70,78,62,1067,,
Tower Hamlets,Criminal Damage,Criminal Damage To Dwelling,66,64,77,69,69,73,59,78,73,50,73,64,815,,
Tower Hamlets,Criminal Damage,Criminal Damage To Motor Vehicle,94,77,96,131,105,103,86,84,90,91,93,82,1132,,
Tower Hamlets,Criminal Damage,Criminal Damage To Other Building,27,26,34,33,32,28,35,37,22,32,20,34,360,,
Tower Hamlets,Criminal Damage,Other Criminal Damage,56,44,72,80,75,68,69,62,45,59,61,57,748,,
Tower Hamlets,Drugs,Drug Trafficking,27,10,17,12,12,15,59,23,20,11,18,9,233,,
Tower Hamlets,Drugs,Other Drugs,1,1,1,1,3,2,2,2,1,0,0,1,15,,
Tower Hamlets,Drugs,Possession Of Drugs,136,197,361,103,255,198,526,271,140,392,218,203,3000,,
Tower Hamlets,Fraud or Forgery,Counted per Victim,37,41,304,52,50,72,38,61,59,74,41,44,873,,
Tower Hamlets,Fraud or Forgery,Other Fraud & Forgery,39,30,39,34,26,41,28,26,30,32,24,22,371,,
Tower Hamlets,Other Notifiable Offences,Going Equipped,1,0,4,3,2,1,2,4,4,3,3,3,30,,
Tower Hamlets,Other Notifiable Offences,Other Notifiable,27,29,42,41,36,33,33,46,26,39,32,26,410,,
Tower Hamlets,Robbery,Business Property,7,6,2,4,4,2,6,4,1,6,3,5,50,,
Tower Hamlets,Robbery,Personal Property,90,61,66,76,78,93,69,56,71,66,72,71,869,,
Tower Hamlets,Sexual Offences,Other Sexual,15,16,17,15,30,12,13,19,22,24,18,21,222,,
Tower Hamlets,Sexual Offences,Rape,8,3,1,6,6,3,5,4,14,8,7,12,77,,
Tower Hamlets,Theft and Handling,Handling Stolen Goods,7,6,12,5,8,7,5,8,8,5,4,6,81,,
Tower Hamlets,Theft and Handling,Motor Vehicle Interference & Tampering,7,14,14,8,12,7,10,10,5,8,11,5,111,,
Tower Hamlets,Theft and Handling,Other Theft,252,286,316,318,306,321,338,312,327,334,335,323,3768,,
Tower Hamlets,Theft and Handling,Other Theft Person,59,63,83,100,101,88,145,84,70,96,113,71,1073,,
Tower Hamlets,Theft and Handling,Theft From Motor Vehicle,176,165,165,151,116,152,150,150,138,163,185,127,1838,,
Tower Hamlets,Theft and Handling,Theft From Shops,47,52,68,68,59,51,55,57,75,60,51,62,705,,
Tower Hamlets,Theft and Handling,Theft/Taking Of Motor Vehicle,68,87,61,58,58,73,57,69,82,70,60,55,798,,
Tower Hamlets,Theft and Handling,Theft/Taking of Pedal Cycle,36,45,84,133,141,125,150,121,137,124,123,67,1286,,
Tower Hamlets,Violence Against the Person,Assault with Injury,135,139,159,153,201,201,157,155,145,164,139,138,1886,,
Tower Hamlets,Violence Against the Person,Common Assault,135,122,137,131,162,169,150,164,152,152,130,143,1747,,
Tower Hamlets,Violence Against the Person,Grievous Bodily Harm,32,62,41,65,48,36,35,46,29,50,31,23,498,,
Tower Hamlets,Violence Against the Person,Harassment,120,108,155,148,144,167,117,148,137,131,150,155,1680,,
Tower Hamlets,Violence Against the Person,Murder,1,2,0,1,0,0,0,0,1,0,2,1,8,,
Tower Hamlets,Violence Against the Person,Offensive Weapon,8,14,15,9,17,14,13,17,22,9,15,15,168,,
Tower Hamlets,Violence Against the Person,Other violence,15,17,22,19,17,12,13,16,12,17,15,13,188,,
Tower Hamlets,Violence Against the Person,Wounding/GBH,0,0,0,0,0,0,0,0,0,0,0,0,0,,
Waltham Forest,Burglary,Burglary in a Dwelling,255,151,206,191,197,219,223,211,168,155,178,197,2351,,
Waltham Forest,Burglary,Burglary in Other Buildings,90,74,97,104,82,97,110,100,83,80,91,89,1097,,
Waltham Forest,Criminal Damage,Criminal Damage To Dwelling,55,49,82,58,67,60,54,51,60,64,76,56,732,,
Waltham Forest,Criminal Damage,Criminal Damage To Motor Vehicle,121,116,146,140,130,150,110,94,117,93,97,90,1404,,
Waltham Forest,Criminal Damage,Criminal Damage To Other Building,27,25,31,20,27,20,26,16,20,28,23,19,282,,
Waltham Forest,Criminal Damage,Other Criminal Damage,40,43,59,52,53,65,49,57,51,46,48,38,601,,
Waltham Forest,Drugs,Drug Trafficking,47,11,55,6,9,11,95,47,9,11,12,9,322,,
Waltham Forest,Drugs,Other Drugs,0,1,2,0,1,0,0,2,0,0,0,0,6,,
Waltham Forest,Drugs,Possession Of Drugs,165,134,128,92,132,176,163,161,179,183,219,181,1913,,
Waltham Forest,Fraud or Forgery,Counted per Victim,61,59,67,94,68,67,100,61,83,93,85,64,902,,
Waltham Forest,Fraud or Forgery,Other Fraud & Forgery,58,39,56,41,39,37,60,40,49,46,45,56,566,,
Waltham Forest,Other Notifiable Offences,Going Equipped,3,4,1,0,1,3,1,1,1,3,4,3,25,,
Waltham Forest,Other Notifiable Offences,Other Notifiable,23,24,28,29,24,28,30,27,36,21,31,31,332,,
Waltham Forest,Robbery,Business Property,25,19,15,14,12,12,12,8,14,10,6,16,163,,
Waltham Forest,Robbery,Personal Property,120,89,115,120,134,125,143,89,132,171,90,102,1430,,
Waltham Forest,Sexual Offences,Other Sexual,9,19,8,13,17,18,25,12,12,19,26,26,204,,
Waltham Forest,Sexual Offences,Rape,7,9,8,9,6,14,10,3,6,8,6,9,95,,
Waltham Forest,Theft and Handling,Handling Stolen Goods,10,3,10,6,4,8,6,5,5,2,6,2,67,,
Waltham Forest,Theft and Handling,Motor Vehicle Interference & Tampering,3,4,1,3,7,9,5,5,17,13,19,19,105,,
Waltham Forest,Theft and Handling,Other Theft,169,171,190,171,165,234,189,224,196,175,185,165,2234,,
Waltham Forest,Theft and Handling,Other Theft Person,61,63,69,73,68,62,54,56,60,59,61,75,761,,
Waltham Forest,Theft and Handling,Theft From Motor Vehicle,263,304,317,269,264,372,240,249,256,241,249,274,3298,,
Waltham Forest,Theft and Handling,Theft From Shops,83,100,76,121,109,124,114,89,84,118,109,100,1227,,
Waltham Forest,Theft and Handling,Theft/Taking Of Motor Vehicle,82,83,115,92,87,91,68,69,74,96,79,68,1004,,
Waltham Forest,Theft and Handling,Theft/Taking of Pedal Cycle,15,14,35,42,45,53,69,62,70,55,42,16,518,,
Waltham Forest,Violence Against the Person,Assault with Injury,158,109,132,151,179,178,161,149,153,171,172,148,1861,,
Waltham Forest,Violence Against the Person,Common Assault,130,101,114,120,107,120,108,115,116,126,114,112,1383,,
Waltham Forest,Violence Against the Person,Grievous Bodily Harm,30,26,37,38,44,28,27,20,25,22,13,18,328,,
Waltham Forest,Violence Against the Person,Harassment,129,116,166,143,158,207,164,179,173,161,159,134,1889,,
Waltham Forest,Violence Against the Person,Murder,0,2,1,0,1,0,0,0,0,0,0,1,5,,
Waltham Forest,Violence Against the Person,Offensive Weapon,11,3,17,10,10,15,13,14,16,12,14,7,142,,
Waltham Forest,Violence Against the Person,Other violence,34,11,28,18,15,14,25,25,11,19,31,14,245,,
Waltham Forest,Violence Against the Person,Wounding/GBH,0,0,0,0,0,0,0,0,0,0,0,0,0,,
Wandsworth,Burglary,Burglary in a Dwelling,177,148,188,135,173,193,172,189,171,133,171,143,1993,,
Wandsworth,Burglary,Burglary in Other Buildings,95,57,80,74,96,101,122,121,113,79,94,76,1108,,
Wandsworth,Criminal Damage,Criminal Damage To Dwelling,72,48,62,64,82,48,53,67,62,52,47,54,711,,
Wandsworth,Criminal Damage,Criminal Damage To Motor Vehicle,108,85,115,121,180,109,98,98,121,96,108,79,1318,,
Wandsworth,Criminal Damage,Criminal Damage To Other Building,27,24,35,27,25,19,29,23,18,18,20,19,284,,
Wandsworth,Criminal Damage,Other Criminal Damage,44,50,42,54,52,47,51,42,40,49,48,28,547,,
Wandsworth,Drugs,Drug Trafficking,5,7,7,2,9,12,4,8,8,10,4,13,89,,
Wandsworth,Drugs,Other Drugs,2,1,1,0,0,1,0,0,0,1,0,1,7,,
Wandsworth,Drugs,Possession Of Drugs,90,83,81,65,68,133,164,119,138,225,150,112,1428,,
Wandsworth,Fraud or Forgery,Counted per Victim,45,32,35,31,25,61,67,52,62,43,58,50,561,,
Wandsworth,Fraud or Forgery,Other Fraud & Forgery,19,17,35,24,28,18,43,25,26,34,20,26,315,,
Wandsworth,Other Notifiable Offences,Going Equipped,1,1,2,1,1,0,4,3,0,1,0,2,16,,
Wandsworth,Other Notifiable Offences,Other Notifiable,29,17,34,17,28,33,35,27,34,29,28,25,336,,
Wandsworth,Robbery,Business Property,14,9,22,22,20,10,13,8,11,13,22,10,174,,
Wandsworth,Robbery,Personal Property,79,90,115,110,126,94,102,98,73,86,73,43,1089,,
Wandsworth,Sexual Offences,Other Sexual,15,13,22,15,20,28,20,26,16,22,23,12,232,,
Wandsworth,Sexual Offences,Rape,7,6,9,7,3,6,10,6,10,7,9,9,89,,
Wandsworth,Theft and Handling,Handling Stolen Goods,4,6,4,5,6,5,4,5,4,10,2,5,60,,
Wandsworth,Theft and Handling,Motor Vehicle Interference & Tampering,9,9,18,18,9,17,14,9,11,7,6,5,132,,
Wandsworth,Theft and Handling,Other Theft,264,311,297,265,255,282,288,279,272,276,245,268,3302,,
Wandsworth,Theft and Handling,Other Theft Person,62,59,61,52,52,42,57,45,56,72,52,42,652,,
Wandsworth,Theft and Handling,Theft From Motor Vehicle,281,168,260,184,219,216,233,191,192,176,219,174,2513,,
Wandsworth,Theft and Handling,Theft From Shops,93,94,102,86,110,81,105,113,95,79,96,82,1136,,
Wandsworth,Theft and Handling,Theft/Taking Of Motor Vehicle,87,47,89,99,99,92,98,95,87,67,75,52,987,,
Wandsworth,Theft and Handling,Theft/Taking of Pedal Cycle,56,39,64,105,126,123,208,167,151,102,92,50,1283,,
Wandsworth,Violence Against the Person,Assault with Injury,206,160,192,209,190,188,154,189,144,181,157,162,2132,,
Wandsworth,Violence Against the Person,Common Assault,116,113,125,130,152,166,149,141,129,129,123,117,1590,,
Wandsworth,Violence Against the Person,Grievous Bodily Harm,9,23,29,24,24,24,36,30,31,13,16,20,279,,
Wandsworth,Violence Against the Person,Harassment,71,73,79,71,87,83,87,102,95,94,95,89,1026,,
Wandsworth,Violence Against the Person,Murder,0,0,0,1,2,2,0,0,1,0,0,0,6,,
Wandsworth,Violence Against the Person,Offensive Weapon,5,13,9,10,7,14,6,9,7,5,6,7,98,,
Wandsworth,Violence Against the Person,Other violence,10,4,17,11,19,12,9,10,23,12,24,16,167,,
Wandsworth,Violence Against the Person,Wounding/GBH,0,0,0,0,0,0,0,0,0,0,0,0,0,,
Westminster,Burglary,Burglary in a Dwelling,163,96,91,80,102,122,125,147,141,129,96,105,1397,,
Westminster,Burglary,Burglary in Other Buildings,243,166,189,202,175,181,175,206,220,204,141,164,2266,,
Westminster,Criminal Damage,Criminal Damage To Dwelling,40,51,51,38,68,45,48,51,42,67,60,38,599,,
Westminster,Criminal Damage,Criminal Damage To Motor Vehicle,92,69,85,90,101,87,128,83,99,82,78,64,1058,,
Westminster,Criminal Damage,Criminal Damage To Other Building,51,46,56,50,59,39,55,45,56,51,40,65,613,,
Westminster,Criminal Damage,Other Criminal Damage,82,61,65,68,84,64,77,78,88,74,68,66,875,,
Westminster,Drugs,Drug Trafficking,11,14,14,15,17,21,24,12,19,12,22,23,204,,
Westminster,Drugs,Other Drugs,0,2,5,7,5,3,9,6,9,3,10,5,64,,
Westminster,Drugs,Possession Of Drugs,425,341,435,387,530,458,457,479,349,366,350,282,4859,,
Westminster,Fraud or Forgery,Counted per Victim,92,80,85,75,77,99,90,91,115,105,88,79,1076,,
Westminster,Fraud or Forgery,Other Fraud & Forgery,106,94,83,85,63,87,73,79,94,93,92,85,1034,,
Westminster,Other Notifiable Offences,Going Equipped,5,6,8,4,9,9,10,10,6,9,6,6,88,,
Westminster,Other Notifiable Offences,Other Notifiable,71,58,64,56,62,63,64,62,70,57,70,60,757,,
Westminster,Robbery,Business Property,1,11,11,5,5,7,9,8,6,11,7,7,88,,
Westminster,Robbery,Personal Property,170,163,152,111,153,149,134,134,108,143,149,122,1688,,
Westminster,Sexual Offences,Other Sexual,36,35,37,28,29,35,35,33,34,31,31,50,414,,
Westminster,Sexual Offences,Rape,6,7,13,10,8,8,15,5,14,4,8,8,106,,
Westminster,Theft and Handling,Handling Stolen Goods,13,11,15,23,12,21,7,11,10,25,15,30,193,,
Westminster,Theft and Handling,Motor Vehicle Interference & Tampering,0,1,3,2,2,4,2,1,5,5,2,3,30,,
Westminster,Theft and Handling,Other Theft,1732,1571,1743,1455,1725,1657,1804,1496,1466,1835,1932,1953,20369,,
Westminster,Theft and Handling,Other Theft Person,462,485,486,477,552,537,727,469,444,562,554,637,6392,,
Westminster,Theft and Handling,Theft From Motor Vehicle,215,202,215,252,225,226,247,208,215,207,170,189,2571,,
Westminster,Theft and Handling,Theft From Shops,464,421,482,470,560,468,502,437,439,477,466,525,5711,,
Westminster,Theft and Handling,Theft/Taking Of Motor Vehicle,32,28,34,51,51,52,65,54,57,56,38,35,553,,
Westminster,Theft and Handling,Theft/Taking of Pedal Cycle,88,92,117,144,224,243,252,190,204,222,165,121,2062,,
Westminster,Violence Against the Person,Assault with Injury,232,222,245,237,266,252,217,247,227,283,249,273,2950,,
Westminster,Violence Against the Person,Common Assault,134,119,161,179,144,166,167,162,156,167,183,168,1906,,
Westminster,Violence Against the Person,Grievous Bodily Harm,44,39,48,52,51,30,62,47,43,43,37,37,533,,
Westminster,Violence Against the Person,Harassment,203,205,250,206,257,218,267,221,231,232,227,191,2708,,
Westminster,Violence Against the Person,Murder,0,0,1,0,0,0,1,0,1,0,0,0,3,,
Westminster,Violence Against the Person,Offensive Weapon,29,22,23,20,20,23,18,16,25,23,16,15,250,,
Westminster,Violence Against the Person,Other violence,39,25,33,38,44,31,38,37,36,32,47,39,439,,
Westminster,Violence Against the Person,Wounding/GBH,0,0,0,0,0,0,0,0,0,0,0,0,0,,
